name_with_owner,url,stargazer_count,primary_language,created_at,age,last_push,time_since_last_push,disk_usage_kb,size_formatted,name,releases_count
Snailclimb/JavaGuide,https://github.com/Snailclimb/JavaGuide,154815,Java,2018-05-07T13:27:00Z,"7 anos, 11 meses",2026-04-10T08:31:33Z,0 dias,179139,174.9 MB,JavaGuide,N/A
macrozheng/mall,https://github.com/macrozheng/mall,83359,Java,2018-04-04T01:11:44Z,"8 anos, 0 meses",2026-03-06T07:30:02Z,"1 meses, 5 dias",58728,57.4 MB,mall,N/A
spring-projects/spring-boot,https://github.com/spring-projects/spring-boot,80398,Java,2012-10-19T15:02:57Z,"13 anos, 5 meses",2026-04-10T14:45:15Z,0 dias,213996,209.0 MB,spring-boot,N/A
google/guava,https://github.com/google/guava,51510,Java,2014-05-29T16:23:17Z,"11 anos, 10 meses",2026-04-10T17:24:30Z,0 dias,1356025,1.3 GB,guava,N/A
dbeaver/dbeaver,https://github.com/dbeaver/dbeaver,49518,Java,2015-10-21T08:26:28Z,"10 anos, 5 meses",2026-04-10T15:28:43Z,0 dias,212605,207.6 MB,dbeaver,N/A
ReactiveX/RxJava,https://github.com/ReactiveX/RxJava,48351,Java,2013-01-08T20:11:48Z,"13 anos, 3 meses",2026-04-10T06:40:20Z,0 dias,162976,159.2 MB,RxJava,N/A
jeecgboot/JeecgBoot,https://github.com/jeecgboot/JeecgBoot,45803,Java,2018-11-26T10:40:00Z,"7 anos, 4 meses",2026-04-10T13:22:15Z,0 dias,94468,92.3 MB,JeecgBoot,N/A
PhilJay/MPAndroidChart,https://github.com/PhilJay/MPAndroidChart,38223,Java,2014-04-25T14:29:47Z,"11 anos, 11 meses",2025-06-05T07:06:39Z,"10 meses, 9 dias",21593,21.1 MB,MPAndroidChart,N/A
eugenp/tutorials,https://github.com/eugenp/tutorials,37355,Java,2013-04-29T18:26:36Z,"12 anos, 11 meses",2026-04-09T00:17:13Z,1 dias,118916,116.1 MB,tutorials,N/A
YunaiV/ruoyi-vue-pro,https://github.com/YunaiV/ruoyi-vue-pro,36377,Java,2021-01-24T03:18:25Z,"5 anos, 2 meses",2026-04-06T14:47:04Z,4 dias,189805,185.4 MB,ruoyi-vue-pro,N/A
bumptech/glide,https://github.com/bumptech/glide,35025,Java,2013-07-08T22:52:33Z,"12 anos, 9 meses",2026-04-07T09:27:05Z,3 dias,97800,95.5 MB,glide,N/A
netty/netty,https://github.com/netty/netty,34909,Java,2010-11-09T09:22:21Z,"15 anos, 5 meses",2026-04-10T17:11:16Z,0 dias,109208,106.6 MB,netty,N/A
xkcoding/spring-boot-demo,https://github.com/xkcoding/spring-boot-demo,34109,Java,2017-11-10T06:27:29Z,"8 anos, 5 meses",2024-07-24T02:02:52Z,"1 anos, 8 meses",14194,13.9 MB,spring-boot-demo,N/A
SeleniumHQ/selenium,https://github.com/SeleniumHQ/selenium,34087,Java,2013-01-14T21:40:56Z,"13 anos, 2 meses",2026-04-10T15:01:28Z,0 dias,2333471,2.2 GB,selenium,N/A
binarywang/WxJava,https://github.com/binarywang/WxJava,32701,Java,2016-01-06T08:24:05Z,"10 anos, 3 meses",2026-04-07T13:35:35Z,3 dias,20088,19.6 MB,WxJava,N/A
apache/kafka,https://github.com/apache/kafka,32351,Java,2011-08-15T18:06:16Z,"14 anos, 8 meses",2026-04-10T15:50:02Z,0 dias,284667,278.0 MB,kafka,N/A
conductor-oss/conductor,https://github.com/conductor-oss/conductor,31617,Java,2023-12-08T06:06:09Z,"2 anos, 4 meses",2026-04-10T15:36:34Z,0 dias,37386,36.5 MB,conductor,N/A
chinabugotech/hutool,https://github.com/chinabugotech/hutool,30299,Java,2014-04-13T07:23:51Z,"12 anos, 0 meses",2026-04-07T02:49:42Z,3 dias,74867,73.1 MB,hutool,N/A
xuxueli/xxl-job,https://github.com/xuxueli/xxl-job,30046,Java,2015-11-28T12:59:34Z,"10 anos, 4 meses",2026-04-05T17:55:44Z,4 dias,39029,38.1 MB,xxl-job,N/A
alibaba/spring-cloud-alibaba,https://github.com/alibaba/spring-cloud-alibaba,29091,Java,2017-12-01T20:49:15Z,"8 anos, 4 meses",2026-04-03T01:37:04Z,7 dias,56756,55.4 MB,spring-cloud-alibaba,N/A
alibaba/druid,https://github.com/alibaba/druid,28208,Java,2011-11-03T05:12:51Z,"14 anos, 5 meses",2026-04-03T08:51:50Z,7 dias,93905,91.7 MB,druid,N/A
qiurunze123/miaosha,https://github.com/qiurunze123/miaosha,26612,Java,2018-09-14T04:36:24Z,"7 anos, 7 meses",2025-04-18T06:23:43Z,"11 meses, 27 dias",65716,64.2 MB,miaosha,N/A
OpenAPITools/openapi-generator,https://github.com/OpenAPITools/openapi-generator,26081,Java,2018-05-12T09:57:56Z,"7 anos, 11 meses",2026-04-10T05:29:10Z,0 dias,969590,946.9 MB,openapi-generator,N/A
apache/incubator-seata,https://github.com/apache/incubator-seata,25969,Java,2018-12-28T08:37:22Z,"7 anos, 3 meses",2026-04-08T01:16:41Z,2 dias,31232,30.5 MB,incubator-seata,N/A
apache/flink,https://github.com/apache/flink,25936,Java,2014-06-07T07:00:10Z,"11 anos, 10 meses",2026-04-10T10:00:18Z,0 dias,543743,531.0 MB,flink,N/A
alibaba/fastjson,https://github.com/alibaba/fastjson,25688,Java,2011-11-03T06:58:52Z,"14 anos, 5 meses",2024-07-16T07:35:37Z,"1 anos, 8 meses",15513,15.1 MB,fastjson,N/A
CodePhiliaX/Chat2DB,https://github.com/CodePhiliaX/Chat2DB,25390,Java,2023-06-20T14:05:26Z,"2 anos, 9 meses",2026-03-22T14:30:05Z,19 dias,18790,18.3 MB,Chat2DB,N/A
greenrobot/EventBus,https://github.com/greenrobot/EventBus,24740,Java,2012-07-16T16:55:40Z,"13 anos, 9 meses",2024-02-21T18:18:34Z,"2 anos, 1 meses",1742,1.7 MB,EventBus,N/A
Netflix/Hystrix,https://github.com/Netflix/Hystrix,24459,Java,2012-11-19T20:14:46Z,"13 anos, 4 meses",2025-12-17T03:21:02Z,"3 meses, 24 dias",9828,9.6 MB,Hystrix,N/A
google/gson,https://github.com/google/gson,24260,Java,2015-03-19T18:21:20Z,"11 anos, 0 meses",2026-04-05T17:27:39Z,4 dias,13887,13.6 MB,gson,N/A
alibaba/Sentinel,https://github.com/alibaba/Sentinel,23103,Java,2018-04-04T06:37:33Z,"8 anos, 0 meses",2026-03-20T05:47:26Z,21 dias,8599,8.4 MB,Sentinel,N/A
CarGuo/GSYVideoPlayer,https://github.com/CarGuo/GSYVideoPlayer,21428,Java,2016-11-13T12:34:31Z,"9 anos, 5 meses",2026-03-31T03:35:20Z,10 dias,363718,355.2 MB,GSYVideoPlayer,N/A
brettwooldridge/HikariCP,https://github.com/brettwooldridge/HikariCP,21086,Java,2013-10-08T05:43:03Z,"12 anos, 6 meses",2025-11-04T07:50:44Z,"5 meses, 7 dias",5042,4.9 MB,HikariCP,N/A
linlinjava/litemall,https://github.com/linlinjava/litemall,20221,Java,2018-03-22T16:42:30Z,"8 anos, 0 meses",2025-10-05T15:18:32Z,"6 meses, 7 dias",24604,24.0 MB,litemall,N/A
yudaocode/SpringBoot-Labs,https://github.com/yudaocode/SpringBoot-Labs,20078,Java,2018-09-12T14:51:46Z,"7 anos, 7 meses",2024-04-28T06:20:25Z,"1 anos, 11 meses",1813,1.8 MB,SpringBoot-Labs,N/A
ReactiveX/RxAndroid,https://github.com/ReactiveX/RxAndroid,20069,Java,2014-08-19T03:46:38Z,"11 anos, 7 meses",2026-03-24T13:48:27Z,17 dias,1052,1.0 MB,RxAndroid,N/A
JetBrains/intellij-community,https://github.com/JetBrains/intellij-community,19947,Java,2011-09-30T13:33:05Z,"14 anos, 6 meses",2026-04-10T17:22:37Z,0 dias,5681575,5.4 GB,intellij-community,N/A
Baseflow/PhotoView,https://github.com/Baseflow/PhotoView,18849,Java,2012-07-17T16:39:00Z,"13 anos, 9 meses",2022-03-25T09:53:49Z,"4 anos, 0 meses",16896,16.5 MB,PhotoView,N/A
YunaiV/yudao-cloud,https://github.com/YunaiV/yudao-cloud,18771,Java,2019-05-02T16:06:49Z,"6 anos, 11 meses",2026-04-06T14:49:44Z,4 dias,49803,48.6 MB,yudao-cloud,N/A
ben-manes/caffeine,https://github.com/ben-manes/caffeine,17588,Java,2014-12-13T08:45:11Z,"11 anos, 4 meses",2026-04-06T08:08:04Z,4 dias,110946,108.3 MB,caffeine,N/A
openzipkin/zipkin,https://github.com/openzipkin/zipkin,17423,Java,2012-06-06T18:26:16Z,"13 anos, 10 meses",2026-04-08T14:42:17Z,2 dias,77861,76.0 MB,zipkin,N/A
baomidou/mybatis-plus,https://github.com/baomidou/mybatis-plus,17345,Java,2016-08-18T10:06:53Z,"9 anos, 7 meses",2026-02-07T03:16:21Z,"2 meses, 2 dias",32051,31.3 MB,mybatis-plus,N/A
shuzheng/zheng,https://github.com/shuzheng/zheng,16694,Java,2016-10-04T10:07:06Z,"9 anos, 6 meses",2022-12-16T09:53:00Z,"3 anos, 3 meses",41267,40.3 MB,zheng,N/A
prestodb/presto,https://github.com/prestodb/presto,16684,Java,2012-08-09T01:03:37Z,"13 anos, 8 meses",2026-04-10T06:47:05Z,0 dias,274003,267.6 MB,presto,N/A
neo4j/neo4j,https://github.com/neo4j/neo4j,16284,Java,2012-11-12T08:46:15Z,"13 anos, 5 meses",2026-04-01T21:57:20Z,8 dias,693197,677.0 MB,neo4j,N/A
Konloch/bytecode-viewer,https://github.com/Konloch/bytecode-viewer,15473,Java,2014-10-14T10:26:46Z,"11 anos, 6 meses",2026-04-02T20:22:54Z,7 dias,648700,633.5 MB,bytecode-viewer,N/A
mockito/mockito,https://github.com/mockito/mockito,15430,Java,2012-10-13T20:27:12Z,"13 anos, 6 meses",2026-04-08T18:43:05Z,1 dias,49760,48.6 MB,mockito,N/A
zhisheng17/flink-learning,https://github.com/zhisheng17/flink-learning,15054,Java,2019-01-01T07:38:28Z,"7 anos, 3 meses",2026-03-09T02:12:13Z,"1 meses, 2 dias",43760,42.7 MB,flink-learning,N/A
cryptomator/cryptomator,https://github.com/cryptomator/cryptomator,14914,Java,2014-02-02T00:43:47Z,"12 anos, 2 meses",2026-04-09T15:18:12Z,1 dias,33930,33.1 MB,cryptomator,N/A
GoogleContainerTools/jib,https://github.com/GoogleContainerTools/jib,14366,Java,2018-01-22T18:30:43Z,"8 anos, 2 meses",2026-04-07T18:00:26Z,2 dias,16920,16.5 MB,jib,N/A
languagetool-org/languagetool,https://github.com/languagetool-org/languagetool,14340,Java,2013-08-08T16:37:22Z,"12 anos, 8 meses",2026-04-10T15:23:17Z,0 dias,6153338,5.9 GB,languagetool,N/A
deeplearning4j/deeplearning4j,https://github.com/deeplearning4j/deeplearning4j,14221,Java,2013-11-27T02:03:28Z,"12 anos, 4 meses",2026-04-02T01:36:40Z,8 dias,783461,765.1 MB,deeplearning4j,N/A
kekingcn/kkFileView,https://github.com/kekingcn/kkFileView,14046,Java,2017-12-12T11:41:08Z,"8 anos, 4 meses",2026-04-09T04:04:14Z,1 dias,681083,665.1 MB,kkFileView,N/A
sqshq/piggymetrics,https://github.com/sqshq/piggymetrics,13891,Java,2015-03-29T17:56:31Z,"11 anos, 0 meses",2024-05-17T09:38:48Z,"1 anos, 10 meses",1512,1.5 MB,piggymetrics,N/A
JessYanCoding/AndroidAutoSize,https://github.com/JessYanCoding/AndroidAutoSize,13745,Java,2018-08-17T09:04:19Z,"7 anos, 7 meses",2023-05-28T15:08:32Z,"2 anos, 10 meses",3131,3.1 MB,AndroidAutoSize,N/A
LuckSiege/PictureSelector,https://github.com/LuckSiege/PictureSelector,13595,Java,2017-01-04T07:47:39Z,"9 anos, 3 meses",2024-05-11T03:14:44Z,"1 anos, 11 meses",542078,529.4 MB,PictureSelector,N/A
Bigkoo/Android-PickerView,https://github.com/Bigkoo/Android-PickerView,13463,Java,2014-12-28T01:46:38Z,"11 anos, 3 meses",2022-12-30T03:36:03Z,"3 anos, 3 meses",6389,6.2 MB,Android-PickerView,N/A
macrozheng/mall-learning,https://github.com/macrozheng/mall-learning,13374,Java,2019-04-12T13:20:31Z,"7 anos, 0 meses",2024-09-15T01:05:39Z,"1 anos, 6 meses",39420,38.5 MB,mall-learning,N/A
youth5201314/banner,https://github.com/youth5201314/banner,13039,Java,2016-04-22T05:50:25Z,"9 anos, 11 meses",2024-01-11T08:41:56Z,"2 anos, 3 meses",11310,11.0 MB,banner,N/A
codecentric/spring-boot-admin,https://github.com/codecentric/spring-boot-admin,12824,Java,2014-07-25T11:39:13Z,"11 anos, 8 meses",2026-04-10T17:15:03Z,0 dias,92692,90.5 MB,spring-boot-admin,N/A
Netflix/conductor,https://github.com/Netflix/conductor,12781,Java,2016-12-07T22:48:42Z,"9 anos, 4 meses",2023-12-22T23:40:04Z,"2 anos, 3 meses",29469,28.8 MB,conductor,N/A
apache/zookeeper,https://github.com/apache/zookeeper,12750,Java,2009-03-27T15:41:56Z,"17 anos, 0 meses",2026-04-09T00:21:56Z,1 dias,154928,151.3 MB,zookeeper,N/A
google/guice,https://github.com/google/guice,12733,Java,2014-05-28T23:18:53Z,"11 anos, 10 meses",2026-02-03T00:27:19Z,"2 meses, 6 dias",125316,122.4 MB,guice,N/A
trinodb/trino,https://github.com/trinodb/trino,12710,Java,2019-01-19T06:38:14Z,"7 anos, 2 meses",2026-04-10T13:24:38Z,0 dias,302022,294.9 MB,trino,N/A
facebook/stetho,https://github.com/facebook/stetho,12690,Java,2015-01-22T22:34:10Z,"11 anos, 2 meses",2024-10-26T03:44:45Z,"1 anos, 5 meses",2392,2.3 MB,stetho,N/A
greenrobot/greenDAO,https://github.com/greenrobot/greenDAO,12615,Java,2011-10-22T16:15:14Z,"14 anos, 5 meses",2024-04-30T05:30:59Z,"1 anos, 11 meses",7353,7.2 MB,greenDAO,N/A
debezium/debezium,https://github.com/debezium/debezium,12601,Java,2016-01-22T20:17:05Z,"10 anos, 2 meses",2026-04-10T14:21:44Z,0 dias,80101,78.2 MB,debezium,N/A
daimajia/AndroidViewAnimations,https://github.com/daimajia/AndroidViewAnimations,12464,Java,2014-06-23T03:53:13Z,"11 anos, 9 meses",2021-08-18T23:15:07Z,"4 anos, 7 meses",297,297 KB,AndroidViewAnimations,N/A
daimajia/AndroidSwipeLayout,https://github.com/daimajia/AndroidSwipeLayout,12380,Java,2014-08-25T04:09:33Z,"11 anos, 7 meses",2023-11-10T08:30:13Z,"2 anos, 5 meses",399,399 KB,AndroidSwipeLayout,N/A
pagehelper-org/Mybatis-PageHelper,https://github.com/pagehelper-org/Mybatis-PageHelper,12373,Java,2014-06-09T15:32:30Z,"11 anos, 10 meses",2026-03-28T11:25:10Z,13 dias,5357,5.2 MB,Mybatis-PageHelper,N/A
redis/jedis,https://github.com/redis/jedis,12302,Java,2010-06-11T13:04:43Z,"15 anos, 10 meses",2026-04-03T12:51:45Z,7 dias,16935,16.5 MB,jedis,N/A
PaperMC/Paper,https://github.com/PaperMC/Paper,12147,Java,2016-01-22T05:40:19Z,"10 anos, 2 meses",2026-04-10T12:39:53Z,0 dias,130546,127.5 MB,Paper,N/A
Yalantis/uCrop,https://github.com/Yalantis/uCrop,12097,Java,2016-01-05T13:41:06Z,"10 anos, 3 meses",2025-08-07T16:51:43Z,"8 meses, 6 dias",64991,63.5 MB,uCrop,N/A
Tencent/matrix,https://github.com/Tencent/matrix,11998,Java,2018-12-11T07:08:02Z,"7 anos, 4 meses",2024-07-23T10:46:08Z,"1 anos, 8 meses",199709,195.0 MB,matrix,N/A
grpc/grpc-java,https://github.com/grpc/grpc-java,11997,Java,2014-12-08T19:00:00Z,"11 anos, 4 meses",2026-04-10T06:32:49Z,0 dias,121755,118.9 MB,grpc-java,N/A
OpenRefine/OpenRefine,https://github.com/OpenRefine/OpenRefine,11801,Java,2012-10-15T02:22:48Z,"13 anos, 6 meses",2026-04-07T08:09:49Z,3 dias,407261,397.7 MB,OpenRefine,N/A
realm/realm-java,https://github.com/realm/realm-java,11484,Java,2012-04-20T09:18:42Z,"13 anos, 11 meses",2025-09-15T18:19:00Z,"6 meses, 26 dias",65920,64.4 MB,realm-java,N/A
jhy/jsoup,https://github.com/jhy/jsoup,11359,Java,2009-12-19T01:29:58Z,"16 anos, 3 meses",2026-04-05T04:17:37Z,5 dias,6897,6.7 MB,jsoup,N/A
lingochamp/FileDownloader,https://github.com/lingochamp/FileDownloader,11125,Java,2015-12-22T11:17:16Z,"10 anos, 3 meses",2024-08-04T01:25:26Z,"1 anos, 8 meses",40720,39.8 MB,FileDownloader,N/A
H07000223/FlycoTabLayout,https://github.com/H07000223/FlycoTabLayout,11113,Java,2015-11-09T01:53:19Z,"10 anos, 5 meses",2023-05-28T16:32:48Z,"2 anos, 10 meses",2620,2.6 MB,FlycoTabLayout,N/A
jwtk/jjwt,https://github.com/jwtk/jjwt,11053,Java,2014-09-13T01:06:24Z,"11 anos, 7 meses",2025-10-17T14:04:05Z,"5 meses, 25 dias",3503,3.4 MB,jjwt,N/A
square/javapoet,https://github.com/square/javapoet,10857,Java,2013-02-01T16:56:30Z,"13 anos, 2 meses",2024-10-10T21:04:58Z,"1 anos, 6 meses",1954,1.9 MB,javapoet,N/A
clojure/clojure,https://github.com/clojure/clojure,10835,Java,2010-06-29T20:03:33Z,"15 anos, 9 meses",2026-04-07T20:20:49Z,2 dias,19005,18.6 MB,clojure,N/A
TooTallNate/Java-WebSocket,https://github.com/TooTallNate/Java-WebSocket,10795,Java,2010-01-20T23:33:04Z,"16 anos, 2 meses",2026-01-13T21:24:14Z,"2 meses, 26 dias",4245,4.1 MB,Java-WebSocket,N/A
alibaba/vlayout,https://github.com/alibaba/vlayout,10758,Java,2017-02-27T08:11:47Z,"9 anos, 1 meses",2021-07-14T04:40:34Z,"4 anos, 9 meses",1726,1.7 MB,vlayout,N/A
android-async-http/android-async-http,https://github.com/android-async-http/android-async-http,10609,Java,2011-02-20T03:25:07Z,"15 anos, 1 meses",2023-04-17T14:55:24Z,"2 anos, 11 meses",3063,3.0 MB,android-async-http,N/A
Activiti/Activiti,https://github.com/Activiti/Activiti,10525,Java,2012-09-13T11:34:43Z,"13 anos, 7 meses",2026-04-10T10:03:52Z,0 dias,132011,128.9 MB,Activiti,N/A
tbruyelle/RxPermissions,https://github.com/tbruyelle/RxPermissions,10437,Java,2015-09-29T13:55:09Z,"10 anos, 6 meses",2022-05-11T09:47:47Z,"3 anos, 11 meses",587,587 KB,RxPermissions,N/A
SonarSource/sonarqube,https://github.com/SonarSource/sonarqube,10423,Java,2011-01-05T11:05:17Z,"15 anos, 3 meses",2026-04-10T13:17:33Z,0 dias,962191,939.6 MB,sonarqube,N/A
JakeWharton/ViewPagerIndicator,https://github.com/JakeWharton/ViewPagerIndicator,10081,Java,2011-08-04T17:13:44Z,"14 anos, 8 meses",2017-11-26T17:13:46Z,"8 anos, 4 meses",8657,8.5 MB,ViewPagerIndicator,N/A
stanfordnlp/CoreNLP,https://github.com/stanfordnlp/CoreNLP,10063,Java,2013-06-27T21:13:49Z,"12 anos, 9 meses",2026-04-07T22:54:08Z,2 dias,400401,391.0 MB,CoreNLP,N/A
happydog-intj/JsBridge,https://github.com/happydog-intj/JsBridge,9927,Java,2015-02-26T12:10:58Z,"11 anos, 1 meses",2025-06-13T06:15:49Z,"10 meses, 1 dias",659,659 KB,JsBridge,N/A
hackware1993/MagicIndicator,https://github.com/hackware1993/MagicIndicator,9809,Java,2016-06-26T08:20:43Z,"9 anos, 9 meses",2024-12-07T07:46:58Z,"1 anos, 4 meses",54749,53.5 MB,MagicIndicator,N/A
OpenFeign/feign,https://github.com/OpenFeign/feign,9783,Java,2013-06-26T23:28:16Z,"12 anos, 9 meses",2026-04-10T05:18:37Z,0 dias,10873,10.6 MB,feign,N/A
flyway/flyway,https://github.com/flyway/flyway,9674,Java,2012-12-14T18:43:22Z,"13 anos, 3 meses",2026-03-31T13:52:06Z,10 dias,1482961,1.4 GB,flyway,N/A
perwendel/spark,https://github.com/perwendel/spark,9662,Java,2011-05-05T11:52:05Z,"14 anos, 11 meses",2023-10-08T09:20:37Z,"2 anos, 6 meses",2503,2.4 MB,spark,N/A
koral--/android-gif-drawable,https://github.com/koral--/android-gif-drawable,9651,Java,2013-01-30T01:37:46Z,"13 anos, 2 meses",2026-02-12T12:53:38Z,"1 meses, 27 dias",6114,6.0 MB,android-gif-drawable,N/A
bilibili/DanmakuFlameMaster,https://github.com/bilibili/DanmakuFlameMaster,9611,Java,2013-08-11T12:18:50Z,"12 anos, 8 meses",2020-02-27T08:51:28Z,"6 anos, 1 meses",3580,3.5 MB,DanmakuFlameMaster,N/A
liaohuqiu/android-Ultra-Pull-To-Refresh,https://github.com/liaohuqiu/android-Ultra-Pull-To-Refresh,9527,Java,2014-11-13T03:13:10Z,"11 anos, 5 meses",2023-05-28T15:12:24Z,"2 anos, 10 meses",3474,3.4 MB,android-Ultra-Pull-To-Refresh,N/A
spring-projects/spring-security,https://github.com/spring-projects/spring-security,9493,Java,2012-01-10T21:50:57Z,"14 anos, 3 meses",2026-04-10T13:13:41Z,0 dias,93711,91.5 MB,spring-security,N/A
umano/AndroidSlidingUpPanel,https://github.com/umano/AndroidSlidingUpPanel,9474,Java,2013-05-31T18:33:53Z,"12 anos, 10 meses",2022-07-21T00:21:03Z,"3 anos, 8 meses",2861,2.8 MB,AndroidSlidingUpPanel,N/A
Justson/AgentWeb,https://github.com/Justson/AgentWeb,9411,Java,2017-05-12T07:45:56Z,"8 anos, 11 meses",2023-12-09T10:30:43Z,"2 anos, 4 meses",29032,28.4 MB,AgentWeb,N/A
json-path/JsonPath,https://github.com/json-path/JsonPath,9402,Java,2011-01-24T13:19:19Z,"15 anos, 2 meses",2026-02-22T18:39:33Z,"1 meses, 16 dias",2479,2.4 MB,JsonPath,N/A
GcsSloop/AndroidNote,https://github.com/GcsSloop/AndroidNote,9337,Java,2016-01-04T23:51:36Z,"10 anos, 3 meses",2024-03-18T08:17:39Z,"2 anos, 0 meses",7036,6.9 MB,AndroidNote,N/A
apache/jmeter,https://github.com/apache/jmeter,9309,Java,2010-05-26T23:38:07Z,"15 anos, 10 meses",2026-04-08T18:51:15Z,1 dias,136078,132.9 MB,jmeter,N/A
alibaba/spring-ai-alibaba,https://github.com/alibaba/spring-ai-alibaba,9168,Java,2024-09-09T01:35:50Z,"1 anos, 7 meses",2026-04-07T13:28:29Z,3 dias,230904,225.5 MB,spring-ai-alibaba,N/A
cats-oss/android-gpuimage,https://github.com/cats-oss/android-gpuimage,9160,Java,2012-10-04T08:11:58Z,"13 anos, 6 meses",2022-08-03T16:07:30Z,"3 anos, 8 meses",1368,1.3 MB,android-gpuimage,N/A
checkstyle/checkstyle,https://github.com/checkstyle/checkstyle,8911,Java,2013-08-31T02:05:05Z,"12 anos, 7 meses",2026-04-10T17:17:49Z,0 dias,253288,247.4 MB,checkstyle,N/A
java-native-access/jna,https://github.com/java-native-access/jna,8911,Java,2011-04-29T13:30:29Z,"14 anos, 11 meses",2026-01-01T19:02:37Z,"3 meses, 8 dias",758422,740.6 MB,jna,N/A
frohoff/ysoserial,https://github.com/frohoff/ysoserial,8836,Java,2015-01-28T07:13:55Z,"11 anos, 2 meses",2025-12-04T04:07:31Z,"4 meses, 7 dias",460,460 KB,ysoserial,N/A
chrisbanes/Android-PullToRefresh,https://github.com/chrisbanes/Android-PullToRefresh,8663,Java,2011-11-29T09:59:56Z,"14 anos, 4 meses",2017-10-13T08:40:58Z,"8 anos, 6 meses",4286,4.2 MB,Android-PullToRefresh,N/A
amitshekhariitbhu/Android-Debug-Database,https://github.com/amitshekhariitbhu/Android-Debug-Database,8649,Java,2016-11-16T14:20:24Z,"9 anos, 4 meses",2026-02-05T09:09:32Z,"2 meses, 4 dias",1648,1.6 MB,Android-Debug-Database,N/A
aeron-io/aeron,https://github.com/aeron-io/aeron,8575,Java,2014-02-07T17:16:58Z,"12 anos, 2 meses",2026-04-10T10:43:23Z,0 dias,73653,71.9 MB,aeron,N/A
spring-projects/spring-ai,https://github.com/spring-projects/spring-ai,8474,Java,2023-06-27T18:57:29Z,"2 anos, 9 meses",2026-04-10T15:48:22Z,0 dias,98149,95.8 MB,spring-ai,N/A
DImuthuUpe/AndroidPdfViewer,https://github.com/DImuthuUpe/AndroidPdfViewer,8460,Java,2016-06-02T20:21:21Z,"9 anos, 10 meses",2025-11-07T20:50:40Z,"5 meses, 3 dias",4733,4.6 MB,AndroidPdfViewer,N/A
hs-web/hsweb-framework,https://github.com/hs-web/hsweb-framework,8400,Java,2016-01-18T03:51:39Z,"10 anos, 2 meses",2026-04-03T07:41:54Z,7 dias,34324,33.5 MB,hsweb-framework,N/A
roughike/BottomBar,https://github.com/roughike/BottomBar,8377,Java,2016-03-16T01:31:05Z,"10 anos, 0 meses",2021-09-16T11:19:06Z,"4 anos, 6 meses",40819,39.9 MB,BottomBar,N/A
pentaho/pentaho-kettle,https://github.com/pentaho/pentaho-kettle,8329,Java,2013-10-08T18:27:11Z,"12 anos, 6 meses",2026-04-10T12:08:52Z,0 dias,732894,715.7 MB,pentaho-kettle,N/A
bytedeco/javacv,https://github.com/bytedeco/javacv,8306,Java,2014-04-21T13:50:26Z,"11 anos, 11 meses",2026-02-26T05:30:11Z,"1 meses, 13 dias",8174,8.0 MB,javacv,N/A
LaurieWired/GhidraMCP,https://github.com/LaurieWired/GhidraMCP,8301,Java,2025-03-23T05:36:55Z,"1 anos, 0 meses",2025-06-23T04:18:18Z,"9 meses, 21 dias",180,180 KB,GhidraMCP,N/A
alibaba/transmittable-thread-local,https://github.com/alibaba/transmittable-thread-local,8284,Java,2013-10-13T08:48:33Z,"12 anos, 6 meses",2026-03-27T01:12:59Z,14 dias,3577,3.5 MB,transmittable-thread-local,N/A
apache/shardingsphere-elasticjob,https://github.com/apache/shardingsphere-elasticjob,8219,Java,2015-09-11T11:28:52Z,"10 anos, 7 meses",2026-03-10T11:40:44Z,"1 meses, 1 dias",45954,44.9 MB,shardingsphere-elasticjob,N/A
alibaba/otter,https://github.com/alibaba/otter,8131,Java,2013-08-09T09:31:22Z,"12 anos, 8 meses",2024-05-25T10:39:10Z,"1 anos, 10 meses",12042,11.8 MB,otter,N/A
junixapp/XPopup,https://github.com/junixapp/XPopup,8023,Java,2018-12-07T06:16:48Z,"7 anos, 4 meses",2025-02-01T03:21:47Z,"1 anos, 2 meses",152978,149.4 MB,XPopup,N/A
gunnarmorling/1brc,https://github.com/gunnarmorling/1brc,7996,Java,2023-12-28T09:13:24Z,"2 anos, 3 meses",2024-08-20T15:15:15Z,"1 anos, 7 meses",2744,2.7 MB,1brc,N/A
dropwizard/metrics,https://github.com/dropwizard/metrics,7849,Java,2010-02-26T19:44:42Z,"16 anos, 1 meses",2026-04-09T20:56:39Z,0 dias,21416,20.9 MB,metrics,N/A
goldze/MVVMHabit,https://github.com/goldze/MVVMHabit,7707,Java,2017-07-21T10:38:40Z,"8 anos, 8 meses",2022-08-11T09:18:55Z,"3 anos, 8 meses",1298,1.3 MB,MVVMHabit,N/A
lecho/hellocharts-android,https://github.com/lecho/hellocharts-android,7680,Java,2014-10-12T09:12:37Z,"11 anos, 6 meses",2021-06-01T03:12:09Z,"4 anos, 10 meses",6126,6.0 MB,hellocharts-android,N/A
mapstruct/mapstruct,https://github.com/mapstruct/mapstruct,7642,Java,2012-05-28T12:42:42Z,"13 anos, 10 meses",2026-04-09T13:31:56Z,1 dias,11670,11.4 MB,mapstruct,N/A
koush/AndroidAsync,https://github.com/koush/AndroidAsync,7551,Java,2012-08-24T07:27:04Z,"13 anos, 7 meses",2022-11-23T15:20:07Z,"3 anos, 4 meses",3720,3.6 MB,AndroidAsync,N/A
kevin-wayne/algs4,https://github.com/kevin-wayne/algs4,7525,Java,2015-08-31T09:28:49Z,"10 anos, 7 meses",2026-01-10T12:53:55Z,"3 meses, 0 dias",2347,2.3 MB,algs4,N/A
swagger-api/swagger-core,https://github.com/swagger-api/swagger-core,7521,Java,2011-07-05T23:44:11Z,"14 anos, 9 meses",2026-04-10T14:36:26Z,0 dias,24567,24.0 MB,swagger-core,N/A
dependency-check/DependencyCheck,https://github.com/dependency-check/DependencyCheck,7489,Java,2012-09-03T20:43:30Z,"13 anos, 7 meses",2026-04-08T23:08:08Z,1 dias,307404,300.2 MB,DependencyCheck,N/A
Qihoo360/RePlugin,https://github.com/Qihoo360/RePlugin,7348,Java,2017-06-08T09:39:09Z,"8 anos, 10 meses",2025-09-16T07:26:17Z,"6 meses, 26 dias",25372,24.8 MB,RePlugin,N/A
leolin310148/ShortcutBadger,https://github.com/leolin310148/ShortcutBadger,7338,Java,2013-11-15T12:51:52Z,"12 anos, 4 meses",2023-09-14T17:38:02Z,"2 anos, 6 meses",1231,1.2 MB,ShortcutBadger,N/A
square/dagger,https://github.com/square/dagger,7299,Java,2012-08-02T23:25:32Z,"13 anos, 8 meses",2021-08-26T11:07:52Z,"4 anos, 7 meses",6861,6.7 MB,dagger,N/A
Exrick/xmall,https://github.com/Exrick/xmall,7237,Java,2017-07-28T01:49:49Z,"8 anos, 8 meses",2022-12-16T08:55:14Z,"3 anos, 3 meses",110866,108.3 MB,xmall,N/A
crazycodeboy/TakePhoto,https://github.com/crazycodeboy/TakePhoto,7236,Java,2015-08-04T02:05:32Z,"10 anos, 8 meses",2019-08-26T09:42:27Z,"6 anos, 7 meses",11513,11.2 MB,TakePhoto,N/A
pedant/sweet-alert-dialog,https://github.com/pedant/sweet-alert-dialog,7227,Java,2014-10-19T09:24:09Z,"11 anos, 5 meses",2021-08-31T11:15:13Z,"4 anos, 7 meses",1694,1.7 MB,sweet-alert-dialog,N/A
NanoHttpd/nanohttpd,https://github.com/NanoHttpd/nanohttpd,7213,Java,2012-08-10T21:52:42Z,"13 anos, 8 meses",2023-07-25T06:59:07Z,"2 anos, 8 meses",1375,1.3 MB,nanohttpd,N/A
cymcsg/UltimateRecyclerView,https://github.com/cymcsg/UltimateRecyclerView,7191,Java,2015-01-28T02:27:45Z,"11 anos, 2 meses",2026-02-27T06:53:21Z,"1 meses, 12 dias",7153,7.0 MB,UltimateRecyclerView,N/A
Alluxio/alluxio,https://github.com/Alluxio/alluxio,7182,Java,2012-12-21T17:43:46Z,"13 anos, 3 meses",2025-04-29T16:46:58Z,"11 meses, 16 dias",205633,200.8 MB,alluxio,N/A
apache/hertzbeat,https://github.com/apache/hertzbeat,7162,Java,2022-02-04T14:48:56Z,"4 anos, 2 meses",2026-04-05T15:42:25Z,5 dias,335455,327.6 MB,hertzbeat,N/A
google/error-prone,https://github.com/google/error-prone,7154,Java,2014-08-21T23:26:50Z,"11 anos, 7 meses",2026-04-10T15:47:45Z,0 dias,169243,165.3 MB,error-prone,N/A
h2pl/JavaTutorial,https://github.com/h2pl/JavaTutorial,7125,Java,2018-05-01T15:57:21Z,"7 anos, 11 meses",2025-05-20T10:36:59Z,"10 meses, 25 dias",4933,4.8 MB,JavaTutorial,N/A
mrniko/netty-socketio,https://github.com/mrniko/netty-socketio,7025,Java,2012-01-12T11:43:49Z,"14 anos, 3 meses",2026-02-04T08:09:21Z,"2 meses, 5 dias",2081,2.0 MB,netty-socketio,N/A
junit-team/junit-framework,https://github.com/junit-team/junit-framework,6995,Java,2015-01-11T19:06:10Z,"11 anos, 3 meses",2026-04-10T16:28:29Z,0 dias,42784,41.8 MB,junit-framework,N/A
alibaba/jvm-sandbox,https://github.com/alibaba/jvm-sandbox,6955,Java,2017-08-03T02:55:31Z,"8 anos, 8 meses",2025-12-05T07:08:08Z,"4 meses, 6 dias",1875,1.8 MB,jvm-sandbox,N/A
rabbitmq/rabbitmq-tutorials,https://github.com/rabbitmq/rabbitmq-tutorials,6882,Java,2010-09-21T11:41:26Z,"15 anos, 6 meses",2026-04-03T04:33:46Z,7 dias,6070,5.9 MB,rabbitmq-tutorials,N/A
vespa-engine/vespa,https://github.com/vespa-engine/vespa,6869,Java,2016-06-03T20:54:20Z,"9 anos, 10 meses",2026-04-10T17:05:03Z,0 dias,479386,468.2 MB,vespa,N/A
raphw/byte-buddy,https://github.com/raphw/byte-buddy,6800,Java,2013-11-25T19:38:03Z,"12 anos, 4 meses",2026-04-07T18:24:25Z,2 dias,1008414,984.8 MB,byte-buddy,N/A
gzu-liyujiang/AndroidPicker,https://github.com/gzu-liyujiang/AndroidPicker,6772,Java,2015-10-21T14:21:16Z,"10 anos, 5 meses",2026-03-21T15:39:07Z,20 dias,30016,29.3 MB,AndroidPicker,N/A
Meituan-Dianping/Leaf,https://github.com/Meituan-Dianping/Leaf,6738,Java,2018-12-11T07:41:35Z,"7 anos, 4 meses",2023-07-18T10:13:29Z,"2 anos, 8 meses",149,149 KB,Leaf,N/A
getActivity/XXPermissions,https://github.com/getActivity/XXPermissions,6717,Java,2018-06-15T14:31:29Z,"7 anos, 10 meses",2026-04-05T12:50:34Z,5 dias,86536,84.5 MB,XXPermissions,N/A
hongyangAndroid/AndroidAutoLayout,https://github.com/hongyangAndroid/AndroidAutoLayout,6674,Java,2015-11-19T02:09:11Z,"10 anos, 4 meses",2018-11-26T13:24:38Z,"7 anos, 4 meses",7466,7.3 MB,AndroidAutoLayout,N/A
GrenderG/Toasty,https://github.com/GrenderG/Toasty,6594,Java,2017-01-18T18:52:41Z,"9 anos, 2 meses",2022-09-28T23:46:04Z,"3 anos, 6 meses",977,977 KB,Toasty,N/A
hazelcast/hazelcast,https://github.com/hazelcast/hazelcast,6580,Java,2012-03-21T12:25:18Z,"14 anos, 0 meses",2026-04-10T07:45:07Z,0 dias,422641,412.7 MB,hazelcast,N/A
NLPchina/ansj_seg,https://github.com/NLPchina/ansj_seg,6537,Java,2012-09-05T05:56:24Z,"13 anos, 7 meses",2023-11-19T06:15:23Z,"2 anos, 4 meses",352518,344.3 MB,ansj_seg,N/A
freeok/so-novel,https://github.com/freeok/so-novel,6520,Java,2022-05-23T15:49:36Z,"3 anos, 10 meses",2026-04-05T02:56:20Z,5 dias,4258,4.2 MB,so-novel,N/A
hibernate/hibernate-orm,https://github.com/hibernate/hibernate-orm,6436,Java,2010-10-04T16:15:52Z,"15 anos, 6 meses",2026-04-10T16:17:21Z,0 dias,310943,303.7 MB,hibernate-orm,N/A
gephi/gephi,https://github.com/gephi/gephi,6437,Java,2011-10-22T03:14:46Z,"14 anos, 5 meses",2026-04-09T19:07:38Z,0 dias,660901,645.4 MB,gephi,N/A
vinc3m1/RoundedImageView,https://github.com/vinc3m1/RoundedImageView,6417,Java,2013-02-22T01:17:37Z,"13 anos, 1 meses",2023-01-27T18:56:33Z,"3 anos, 2 meses",8746,8.5 MB,RoundedImageView,N/A
AsyncHttpClient/async-http-client,https://github.com/AsyncHttpClient/async-http-client,6407,Java,2011-03-07T13:41:46Z,"15 anos, 1 meses",2026-04-09T17:46:41Z,0 dias,19219,18.8 MB,async-http-client,N/A
graphhopper/graphhopper,https://github.com/graphhopper/graphhopper,6400,Java,2012-02-18T19:57:38Z,"14 anos, 1 meses",2026-04-10T14:24:35Z,0 dias,140569,137.3 MB,graphhopper,N/A
apache/flink-cdc,https://github.com/apache/flink-cdc,6388,Java,2020-07-27T19:23:33Z,"5 anos, 8 meses",2026-04-09T02:52:31Z,1 dias,50758,49.6 MB,flink-cdc,N/A
joelittlejohn/jsonschema2pojo,https://github.com/joelittlejohn/jsonschema2pojo,6370,Java,2013-06-22T22:28:53Z,"12 anos, 9 meses",2026-04-02T02:08:30Z,8 dias,13774,13.5 MB,jsonschema2pojo,N/A
haifengl/smile,https://github.com/haifengl/smile,6364,Java,2014-11-20T16:28:12Z,"11 anos, 4 meses",2026-04-10T17:17:00Z,0 dias,275476,269.0 MB,smile,N/A
sshahine/JFoenix,https://github.com/sshahine/JFoenix,6340,Java,2015-09-08T14:04:24Z,"10 anos, 7 meses",2023-06-28T17:20:35Z,"2 anos, 9 meses",28243,27.6 MB,JFoenix,N/A
apache/iotdb,https://github.com/apache/iotdb,6307,Java,2018-11-24T21:29:17Z,"7 anos, 4 meses",2026-04-10T10:19:41Z,0 dias,345788,337.7 MB,iotdb,N/A
lightbend/config,https://github.com/lightbend/config,6297,Java,2011-12-06T08:02:29Z,"14 anos, 4 meses",2026-03-02T14:42:49Z,"1 meses, 9 dias",4719,4.6 MB,config,N/A
koush/ion,https://github.com/koush/ion,6257,Java,2013-05-22T07:41:23Z,"12 anos, 10 meses",2024-02-01T19:55:49Z,"2 anos, 2 meses",11832,11.6 MB,ion,N/A
apache/incubator-kie-drools,https://github.com/apache/incubator-kie-drools,6240,Java,2011-02-18T08:37:05Z,"15 anos, 1 meses",2026-04-09T14:01:48Z,1 dias,312826,305.5 MB,incubator-kie-drools,N/A
graphql-java/graphql-java,https://github.com/graphql-java/graphql-java,6234,Java,2015-07-06T06:52:20Z,"10 anos, 9 meses",2026-04-05T23:17:18Z,4 dias,27540,26.9 MB,graphql-java,N/A
auth0/java-jwt,https://github.com/auth0/java-jwt,6215,Java,2014-03-07T15:06:11Z,"12 anos, 1 meses",2026-04-07T05:50:20Z,3 dias,1575,1.5 MB,java-jwt,N/A
Vedenin/useful-java-links,https://github.com/Vedenin/useful-java-links,6159,Java,2016-02-13T13:14:52Z,"10 anos, 1 meses",2026-03-20T21:30:27Z,20 dias,2325,2.3 MB,useful-java-links,N/A
apache/hudi,https://github.com/apache/hudi,6138,Java,2016-12-14T15:53:41Z,"9 anos, 3 meses",2026-04-10T09:35:29Z,0 dias,2682723,2.6 GB,hudi,N/A
vavr-io/vavr,https://github.com/vavr-io/vavr,6127,Java,2014-01-30T14:07:25Z,"12 anos, 2 meses",2026-04-01T16:56:24Z,9 dias,25191,24.6 MB,vavr,N/A
obsidiandynamics/kafdrop,https://github.com/obsidiandynamics/kafdrop,6125,Java,2019-05-27T08:46:56Z,"6 anos, 10 meses",2026-04-10T16:52:32Z,0 dias,3052,3.0 MB,kafdrop,N/A
google/google-java-format,https://github.com/google/google-java-format,6107,Java,2015-05-11T20:38:28Z,"10 anos, 11 meses",2026-04-09T16:47:40Z,1 dias,2473,2.4 MB,google-java-format,N/A
rengwuxian/MaterialEditText,https://github.com/rengwuxian/MaterialEditText,6093,Java,2014-10-30T10:07:23Z,"11 anos, 5 meses",2026-03-28T03:48:37Z,13 dias,1071,1.0 MB,MaterialEditText,N/A
daimajia/NumberProgressBar,https://github.com/daimajia/NumberProgressBar,6092,Java,2014-05-01T08:54:25Z,"11 anos, 11 meses",2020-09-27T09:09:15Z,"5 anos, 6 meses",158,158 KB,NumberProgressBar,N/A
javaparser/javaparser,https://github.com/javaparser/javaparser,6072,Java,2011-10-30T14:03:44Z,"14 anos, 5 meses",2026-04-01T01:13:34Z,9 dias,47548,46.4 MB,javaparser,N/A
apache/pinot,https://github.com/apache/pinot,6057,Java,2014-05-19T23:27:48Z,"11 anos, 10 meses",2026-04-10T15:18:42Z,0 dias,350412,342.2 MB,pinot,N/A
apache/nifi,https://github.com/apache/nifi,6048,Java,2014-12-12T08:00:05Z,"11 anos, 4 meses",2026-04-10T13:27:10Z,0 dias,304535,297.4 MB,nifi,N/A
google/j2objc,https://github.com/google/j2objc,6043,Java,2014-01-30T20:19:56Z,"12 anos, 2 meses",2026-04-10T16:52:58Z,0 dias,104950,102.5 MB,j2objc,N/A
robolectric/robolectric,https://github.com/robolectric/robolectric,6005,Java,2010-08-28T00:28:25Z,"15 anos, 7 meses",2026-04-10T07:45:30Z,0 dias,66216,64.7 MB,robolectric,N/A
JSQLParser/JSqlParser,https://github.com/JSQLParser/JSqlParser,5945,Java,2011-06-23T22:51:52Z,"14 anos, 9 meses",2026-04-08T13:14:06Z,2 dias,14542,14.2 MB,JSqlParser,N/A
springfox/springfox,https://github.com/springfox/springfox,5939,Java,2012-05-06T06:38:57Z,"13 anos, 11 meses",2024-03-18T18:36:28Z,"2 anos, 0 meses",186279,181.9 MB,springfox,N/A
journeyapps/zxing-android-embedded,https://github.com/journeyapps/zxing-android-embedded,5935,Java,2012-11-28T16:36:39Z,"13 anos, 4 meses",2024-08-04T04:24:21Z,"1 anos, 8 meses",8388,8.2 MB,zxing-android-embedded,N/A
apache/fesod,https://github.com/apache/fesod,5932,Java,2024-10-05T11:42:50Z,"1 anos, 6 meses",2026-04-10T05:44:49Z,0 dias,32778,32.0 MB,fesod,N/A
prolificinteractive/material-calendarview,https://github.com/prolificinteractive/material-calendarview,5923,Java,2015-02-09T22:31:56Z,"11 anos, 2 meses",2023-05-28T16:37:44Z,"2 anos, 10 meses",4823,4.7 MB,material-calendarview,N/A
weibocom/motan,https://github.com/weibocom/motan,5897,Java,2016-04-20T10:56:17Z,"9 anos, 11 meses",2025-11-24T10:37:43Z,"4 meses, 17 dias",4698,4.6 MB,motan,N/A
amitshekhariitbhu/Fast-Android-Networking,https://github.com/amitshekhariitbhu/Fast-Android-Networking,5892,Java,2016-03-21T18:35:44Z,"10 anos, 0 meses",2026-02-05T09:09:48Z,"2 meses, 4 dias",2845,2.8 MB,Fast-Android-Networking,N/A
lets-blade/blade,https://github.com/lets-blade/blade,5883,Java,2015-06-10T03:35:49Z,"10 anos, 10 meses",2025-12-15T23:30:46Z,"3 meses, 25 dias",3385,3.3 MB,blade,N/A
JakeWharton/DiskLruCache,https://github.com/JakeWharton/DiskLruCache,5824,Java,2012-01-05T00:36:34Z,"14 anos, 3 meses",2020-03-02T13:54:37Z,"6 anos, 1 meses",416,416 KB,DiskLruCache,N/A
Nightonke/BoomMenu,https://github.com/Nightonke/BoomMenu,5790,Java,2016-03-19T12:04:12Z,"10 anos, 0 meses",2023-03-12T07:41:43Z,"3 anos, 1 meses",103934,101.5 MB,BoomMenu,N/A
houbb/sensitive-word,https://github.com/houbb/sensitive-word,5776,Java,2020-01-07T03:10:44Z,"6 anos, 3 meses",2026-03-23T10:35:47Z,18 dias,5723,5.6 MB,sensitive-word,N/A
dmytrodanylyk/circular-progress-button,https://github.com/dmytrodanylyk/circular-progress-button,5753,Java,2014-06-07T12:58:48Z,"11 anos, 10 meses",2026-03-20T02:12:46Z,21 dias,1127,1.1 MB,circular-progress-button,N/A
redis/lettuce,https://github.com/redis/lettuce,5732,Java,2014-05-10T13:08:46Z,"11 anos, 11 meses",2026-04-10T02:09:55Z,0 dias,43793,42.8 MB,lettuce,N/A
ddd-by-examples/library,https://github.com/ddd-by-examples/library,5727,Java,2019-01-11T09:14:03Z,"7 anos, 3 meses",2023-07-07T21:43:17Z,"2 anos, 9 meses",48023,46.9 MB,library,N/A
Devlight/InfiniteCycleViewPager,https://github.com/Devlight/InfiniteCycleViewPager,5703,Java,2016-08-22T08:04:39Z,"9 anos, 7 meses",2022-08-09T20:20:47Z,"3 anos, 8 meses",279,279 KB,InfiniteCycleViewPager,N/A
201206030/novel,https://github.com/201206030/novel,5694,Java,2019-11-11T01:13:52Z,"6 anos, 5 meses",2025-11-05T10:19:00Z,"5 meses, 6 dias",99486,97.2 MB,novel,N/A
springside/springside4,https://github.com/springside/springside4,5666,Java,2012-02-23T08:39:03Z,"14 anos, 1 meses",2022-10-25T03:19:06Z,"3 anos, 5 meses",4837,4.7 MB,springside4,N/A
daimajia/AndroidImageSlider,https://github.com/daimajia/AndroidImageSlider,5612,Java,2014-06-02T06:04:17Z,"11 anos, 10 meses",2020-10-01T16:41:17Z,"5 anos, 6 meses",2165,2.1 MB,AndroidImageSlider,N/A
hneemann/Digital,https://github.com/hneemann/Digital,5597,Java,2016-06-28T17:40:16Z,"9 anos, 9 meses",2025-08-14T14:34:07Z,"7 meses, 29 dias",39655,38.7 MB,Digital,N/A
baidu/uid-generator,https://github.com/baidu/uid-generator,5578,Java,2017-03-27T04:03:43Z,"9 anos, 0 meses",2023-05-31T08:04:59Z,"2 anos, 10 meses",390,390 KB,uid-generator,N/A
mik3y/usb-serial-for-android,https://github.com/mik3y/usb-serial-for-android,5573,Java,2013-06-30T23:17:45Z,"12 anos, 9 meses",2025-12-05T17:18:07Z,"4 meses, 6 dias",929,929 KB,usb-serial-for-android,N/A
alibaba/QLExpress,https://github.com/alibaba/QLExpress,5563,Java,2017-03-15T08:39:54Z,"9 anos, 0 meses",2026-03-27T22:53:38Z,13 dias,4736,4.6 MB,QLExpress,N/A
amlcurran/ShowcaseView,https://github.com/amlcurran/ShowcaseView,5561,Java,2012-08-14T19:07:36Z,"13 anos, 8 meses",2018-02-01T16:31:39Z,"8 anos, 2 meses",15237,14.9 MB,ShowcaseView,N/A
jindrapetrik/jpexs-decompiler,https://github.com/jindrapetrik/jpexs-decompiler,5530,Java,2014-05-10T17:20:56Z,"11 anos, 11 meses",2026-04-07T08:11:37Z,3 dias,317299,309.9 MB,jpexs-decompiler,N/A
emilsjolander/StickyListHeaders,https://github.com/emilsjolander/StickyListHeaders,5479,Java,2012-03-11T18:29:18Z,"14 anos, 1 meses",2021-05-21T09:48:05Z,"4 anos, 10 meses",3866,3.8 MB,StickyListHeaders,N/A
Jasonchenlijian/FastBle,https://github.com/Jasonchenlijian/FastBle,5479,Java,2016-08-23T02:06:33Z,"9 anos, 7 meses",2022-07-27T09:20:44Z,"3 anos, 8 meses",35234,34.4 MB,FastBle,N/A
liquibase/liquibase,https://github.com/liquibase/liquibase,5477,Java,2011-07-08T20:08:20Z,"14 anos, 9 meses",2026-04-10T17:04:51Z,0 dias,218256,213.1 MB,liquibase,N/A
scribejava/scribejava,https://github.com/scribejava/scribejava,5470,Java,2010-09-05T19:11:40Z,"15 anos, 7 meses",2026-03-02T00:30:17Z,"1 meses, 9 dias",2627,2.6 MB,scribejava,N/A
sockeqwe/mosby,https://github.com/sockeqwe/mosby,5453,Java,2015-03-25T00:59:19Z,"11 anos, 0 meses",2022-03-09T15:17:41Z,"4 anos, 1 meses",26564,25.9 MB,mosby,N/A
apache/groovy,https://github.com/apache/groovy,5440,Java,2015-04-16T07:00:05Z,"10 anos, 12 meses",2026-04-10T14:27:46Z,0 dias,236467,230.9 MB,groovy,N/A
diffplug/spotless,https://github.com/diffplug/spotless,5403,Java,2015-04-27T19:10:58Z,"10 anos, 11 meses",2026-04-10T14:41:19Z,0 dias,22933,22.4 MB,spotless,N/A
coobird/thumbnailator,https://github.com/coobird/thumbnailator,5400,Java,2015-07-25T05:38:33Z,"10 anos, 8 meses",2026-02-17T17:48:42Z,"1 meses, 21 dias",11781,11.5 MB,thumbnailator,N/A
apache/dubbo-spring-boot-project,https://github.com/apache/dubbo-spring-boot-project,5392,Java,2018-01-18T12:10:50Z,"8 anos, 2 meses",2023-01-25T00:11:57Z,"3 anos, 2 meses",1557,1.5 MB,dubbo-spring-boot-project,N/A
LFDT-web3j/web3j,https://github.com/LFDT-web3j/web3j,5385,Java,2016-09-04T05:48:49Z,"9 anos, 7 meses",2026-01-28T16:57:48Z,"2 meses, 12 dias",11780,11.5 MB,web3j,N/A
pmd/pmd,https://github.com/pmd/pmd,5373,Java,2012-07-11T18:03:00Z,"13 anos, 9 meses",2026-04-08T03:53:28Z,2 dias,562817,549.6 MB,pmd,N/A
remkop/picocli,https://github.com/remkop/picocli,5350,Java,2017-02-01T16:38:41Z,"9 anos, 2 meses",2025-10-30T11:04:09Z,"5 meses, 12 dias",84872,82.9 MB,picocli,N/A
h6ah4i/android-advancedrecyclerview,https://github.com/h6ah4i/android-advancedrecyclerview,5336,Java,2015-01-24T16:14:39Z,"11 anos, 2 meses",2023-08-21T04:59:46Z,"2 anos, 7 meses",9111,8.9 MB,android-advancedrecyclerview,N/A
mybatis/generator,https://github.com/mybatis/generator,5318,Java,2013-02-10T11:14:50Z,"13 anos, 2 meses",2026-04-10T16:43:45Z,0 dias,65157,63.6 MB,generator,N/A
LWJGL/lwjgl3,https://github.com/LWJGL/lwjgl3,5317,Java,2012-12-23T15:40:04Z,"13 anos, 3 meses",2026-04-06T20:40:35Z,3 dias,132425,129.3 MB,lwjgl3,N/A
evant/gradle-retrolambda,https://github.com/evant/gradle-retrolambda,5270,Java,2013-08-05T02:09:58Z,"12 anos, 8 meses",2023-07-24T15:03:12Z,"2 anos, 8 meses",609,609 KB,gradle-retrolambda,N/A
citerus/dddsample-core,https://github.com/citerus/dddsample-core,5268,Java,2015-01-31T23:21:37Z,"11 anos, 2 meses",2025-06-02T09:09:44Z,"10 meses, 12 dias",8533,8.3 MB,dddsample-core,N/A
razerdp/BasePopup,https://github.com/razerdp/BasePopup,5254,Java,2016-01-15T03:31:07Z,"10 anos, 2 meses",2026-01-21T06:37:39Z,"2 meses, 19 dias",20629,20.1 MB,BasePopup,N/A
novicezk/midjourney-proxy,https://github.com/novicezk/midjourney-proxy,5251,Java,2023-04-24T13:43:45Z,"2 anos, 11 meses",2025-08-03T07:41:19Z,"8 meses, 10 dias",5870,5.7 MB,midjourney-proxy,N/A
huangyanbin/smartTable,https://github.com/huangyanbin/smartTable,5228,Java,2017-11-08T01:11:14Z,"8 anos, 5 meses",2022-03-11T09:08:26Z,"4 anos, 1 meses",63951,62.5 MB,smartTable,N/A
Yalantis/Side-Menu.Android,https://github.com/Yalantis/Side-Menu.Android,5226,Java,2015-01-13T11:11:27Z,"11 anos, 3 meses",2020-08-08T20:17:09Z,"5 anos, 8 meses",1048,1.0 MB,Side-Menu.Android,N/A
reactor/reactor-core,https://github.com/reactor/reactor-core,5217,Java,2015-11-10T10:06:40Z,"10 anos, 5 meses",2026-04-08T07:18:59Z,2 dias,66109,64.6 MB,reactor-core,N/A
lucasr/twoway-view,https://github.com/lucasr/twoway-view,5215,Java,2013-01-18T20:55:23Z,"13 anos, 2 meses",2017-03-20T14:42:55Z,"9 anos, 0 meses",2554,2.5 MB,twoway-view,N/A
brianfrankcooper/YCSB,https://github.com/brianfrankcooper/YCSB,5204,Java,2010-04-19T20:52:11Z,"15 anos, 11 meses",2026-03-04T17:36:33Z,"1 meses, 6 dias",32808,32.0 MB,YCSB,N/A
oshi/oshi,https://github.com/oshi/oshi,5195,Java,2012-02-10T12:46:48Z,"14 anos, 2 meses",2026-04-10T14:10:23Z,0 dias,348055,339.9 MB,oshi,N/A
zhanglei-workspace/shopping-management-system,https://github.com/zhanglei-workspace/shopping-management-system,5191,Java,2015-11-16T12:53:21Z,"10 anos, 4 meses",2024-03-07T06:37:19Z,"2 anos, 1 meses",4353,4.3 MB,shopping-management-system,N/A
killme2008/aviatorscript,https://github.com/killme2008/aviatorscript,5185,Java,2011-03-29T12:48:47Z,"15 anos, 0 meses",2026-03-04T10:09:45Z,"1 meses, 7 dias",13202,12.9 MB,aviatorscript,N/A
Exrick/xpay,https://github.com/Exrick/xpay,5180,Java,2017-12-12T16:11:19Z,"8 anos, 4 meses",2024-08-26T16:10:08Z,"1 anos, 7 meses",12147,11.9 MB,xpay,N/A
square/otto,https://github.com/square/otto,5133,Java,2012-06-27T19:06:49Z,"13 anos, 9 meses",2018-12-17T16:07:14Z,"7 anos, 3 meses",703,703 KB,otto,N/A
tianshiyeben/wgcloud,https://github.com/tianshiyeben/wgcloud,5121,Java,2019-01-15T02:02:21Z,"7 anos, 2 meses",2026-02-06T12:14:45Z,"2 meses, 3 dias",51204,50.0 MB,wgcloud,N/A
deathmarine/Luyten,https://github.com/deathmarine/Luyten,5115,Java,2013-07-11T10:57:28Z,"12 anos, 9 meses",2024-07-11T07:09:11Z,"1 anos, 9 meses",5857,5.7 MB,Luyten,N/A
spring-projects/spring-authorization-server,https://github.com/spring-projects/spring-authorization-server,5085,Java,2020-03-17T17:28:57Z,"6 anos, 0 meses",2026-04-10T01:38:09Z,0 dias,6572,6.4 MB,spring-authorization-server,N/A
sofastack/sofa-boot,https://github.com/sofastack/sofa-boot,5075,Java,2018-04-02T08:28:14Z,"8 anos, 0 meses",2025-11-27T12:16:43Z,"4 meses, 14 dias",4877,4.8 MB,sofa-boot,N/A
xuexiangjys/XUI,https://github.com/xuexiangjys/XUI,5073,Java,2019-01-07T07:59:02Z,"7 anos, 3 meses",2025-04-23T16:28:32Z,"11 meses, 22 dias",279853,273.3 MB,XUI,N/A
Sayi/poi-tl,https://github.com/Sayi/poi-tl,5066,Java,2015-03-20T06:47:52Z,"11 anos, 0 meses",2026-02-24T03:17:05Z,"1 meses, 15 dias",102892,100.5 MB,poi-tl,N/A
javastacks/spring-boot-best-practice,https://github.com/javastacks/spring-boot-best-practice,5046,Java,2018-11-09T06:23:18Z,"7 anos, 5 meses",2026-03-09T10:02:35Z,"1 meses, 2 dias",440,440 KB,spring-boot-best-practice,N/A
jankotek/mapdb,https://github.com/jankotek/mapdb,5040,Java,2012-08-17T15:28:54Z,"13 anos, 7 meses",2024-06-04T19:19:49Z,"1 anos, 10 meses",10247,10.0 MB,mapdb,N/A
apache/maven,https://github.com/apache/maven,5014,Java,2009-05-21T03:22:03Z,"16 anos, 10 meses",2026-04-10T17:03:44Z,0 dias,91651,89.5 MB,maven,N/A
JodaOrg/joda-time,https://github.com/JodaOrg/joda-time,4987,Java,2011-05-16T16:49:57Z,"14 anos, 11 meses",2026-03-08T11:10:00Z,"1 meses, 3 dias",13041,12.7 MB,joda-time,N/A
DingMouRen/LayoutManagerGroup,https://github.com/DingMouRen/LayoutManagerGroup,4985,Java,2018-04-28T11:47:38Z,"7 anos, 11 meses",2023-10-11T11:05:47Z,"2 anos, 6 meses",45688,44.6 MB,LayoutManagerGroup,N/A
spring-attic/spring-mvc-showcase,https://github.com/spring-attic/spring-mvc-showcase,4984,Java,2011-06-03T15:36:55Z,"14 anos, 10 meses",2022-02-04T23:36:03Z,"4 anos, 2 meses",765,765 KB,spring-mvc-showcase,N/A
roncoo/roncoo-pay,https://github.com/roncoo/roncoo-pay,4969,Java,2016-07-21T02:46:06Z,"9 anos, 8 meses",2022-12-31T13:23:01Z,"3 anos, 3 meses",18383,18.0 MB,roncoo-pay,N/A
alibaba/UltraViewPager,https://github.com/alibaba/UltraViewPager,4964,Java,2017-03-29T13:31:53Z,"9 anos, 0 meses",2021-07-14T04:48:51Z,"4 anos, 9 meses",8873,8.7 MB,UltraViewPager,N/A
querydsl/querydsl,https://github.com/querydsl/querydsl,4963,Java,2011-08-05T06:46:32Z,"14 anos, 8 meses",2026-02-13T11:53:26Z,"1 meses, 26 dias",51741,50.5 MB,querydsl,N/A
spring-cloud/spring-cloud-netflix,https://github.com/spring-cloud/spring-cloud-netflix,4960,Java,2014-07-11T15:46:12Z,"11 anos, 9 meses",2026-04-09T17:27:46Z,0 dias,21125,20.6 MB,spring-cloud-netflix,N/A
Devlight/NavigationTabBar,https://github.com/Devlight/NavigationTabBar,4934,Java,2016-03-29T08:59:27Z,"10 anos, 0 meses",2024-06-09T18:55:50Z,"1 anos, 10 meses",389,389 KB,NavigationTabBar,N/A
traex/RippleEffect,https://github.com/traex/RippleEffect,4901,Java,2014-10-14T13:32:51Z,"11 anos, 6 meses",2021-02-04T10:54:44Z,"5 anos, 2 meses",833,833 KB,RippleEffect,N/A
Ramotion/folding-cell-android,https://github.com/Ramotion/folding-cell-android,4890,Java,2016-04-01T11:38:47Z,"10 anos, 0 meses",2022-09-21T05:01:27Z,"3 anos, 6 meses",26341,25.7 MB,folding-cell-android,N/A
reactive-streams/reactive-streams-jvm,https://github.com/reactive-streams/reactive-streams-jvm,4872,Java,2014-02-28T13:16:15Z,"12 anos, 1 meses",2024-03-13T03:40:25Z,"2 anos, 0 meses",1846,1.8 MB,reactive-streams-jvm,N/A
mock-server/mockserver,https://github.com/mock-server/mockserver,4862,Java,2013-02-26T06:09:52Z,"13 anos, 1 meses",2025-12-19T09:46:57Z,"3 meses, 22 dias",51573,50.4 MB,mockserver,N/A
spring-cloud/spring-cloud-gateway,https://github.com/spring-cloud/spring-cloud-gateway,4853,Java,2016-11-16T21:42:51Z,"9 anos, 4 meses",2026-04-10T15:26:32Z,0 dias,15493,15.1 MB,spring-cloud-gateway,N/A
micrometer-metrics/micrometer,https://github.com/micrometer-metrics/micrometer,4833,Java,2017-04-10T21:36:51Z,"9 anos, 0 meses",2026-04-10T13:11:25Z,0 dias,39570,38.6 MB,micrometer,N/A
mcxiaoke/packer-ng-plugin,https://github.com/mcxiaoke/packer-ng-plugin,4809,Java,2015-11-24T04:08:08Z,"10 anos, 4 meses",2022-06-27T13:21:58Z,"3 anos, 9 meses",1458,1.4 MB,packer-ng-plugin,N/A
ronmamo/reflections,https://github.com/ronmamo/reflections,4773,Java,2013-04-16T16:19:26Z,"12 anos, 12 meses",2024-06-17T21:43:09Z,"1 anos, 9 meses",1064,1.0 MB,reflections,N/A
zq2599/blog_demos,https://github.com/zq2599/blog_demos,4761,Java,2017-04-09T04:51:56Z,"9 anos, 0 meses",2026-03-09T15:27:30Z,"1 meses, 2 dias",248050,242.2 MB,blog_demos,N/A
TheoKanning/openai-java,https://github.com/TheoKanning/openai-java,4757,Java,2020-09-15T02:58:52Z,"5 anos, 6 meses",2024-06-06T20:00:23Z,"1 anos, 10 meses",547,547 KB,openai-java,N/A
saysky/ForestBlog,https://github.com/saysky/ForestBlog,4721,Java,2017-10-08T15:27:47Z,"8 anos, 6 meses",2024-07-03T04:38:32Z,"1 anos, 9 meses",52149,50.9 MB,ForestBlog,N/A
stleary/JSON-java,https://github.com/stleary/JSON-java,4716,Java,2010-12-21T17:46:09Z,"15 anos, 3 meses",2026-03-26T16:52:50Z,15 dias,3238,3.2 MB,JSON-java,N/A
spring-attic/spring-security-oauth,https://github.com/spring-attic/spring-security-oauth,4699,Java,2011-07-26T18:08:49Z,"14 anos, 8 meses",2022-05-30T20:10:19Z,"3 anos, 10 meses",7273,7.1 MB,spring-security-oauth,N/A
bytedeco/javacpp,https://github.com/bytedeco/javacpp,4686,Java,2014-04-21T12:47:21Z,"11 anos, 11 meses",2026-02-26T04:48:04Z,"1 meses, 13 dias",11837,11.6 MB,javacpp,N/A
pardom-zz/ActiveAndroid,https://github.com/pardom-zz/ActiveAndroid,4671,Java,2012-11-15T18:10:45Z,"13 anos, 4 meses",2021-10-15T16:28:24Z,"4 anos, 5 meses",18083,17.7 MB,ActiveAndroid,N/A
discord-jda/JDA,https://github.com/discord-jda/JDA,4654,Java,2015-12-12T13:57:32Z,"10 anos, 4 meses",2026-04-02T19:06:18Z,7 dias,39139,38.2 MB,JDA,N/A
chewiebug/GCViewer,https://github.com/chewiebug/GCViewer,4635,Java,2011-10-23T09:01:04Z,"14 anos, 5 meses",2025-12-06T17:39:34Z,"4 meses, 4 dias",6764,6.6 MB,GCViewer,N/A
gabrielemariotti/cardslib,https://github.com/gabrielemariotti/cardslib,4631,Java,2013-09-20T21:57:19Z,"12 anos, 6 meses",2021-11-18T19:50:33Z,"4 anos, 4 meses",30628,29.9 MB,cardslib,N/A
yasserg/crawler4j,https://github.com/yasserg/crawler4j,4625,Java,2011-12-31T22:49:18Z,"14 anos, 3 meses",2021-11-04T08:31:46Z,"4 anos, 5 meses",1186,1.2 MB,crawler4j,N/A
Netflix/ribbon,https://github.com/Netflix/ribbon,4615,Java,2013-01-15T01:08:04Z,"13 anos, 2 meses",2025-12-17T00:32:09Z,"3 meses, 24 dias",3504,3.4 MB,ribbon,N/A
objectbox/objectbox-java,https://github.com/objectbox/objectbox-java,4606,Java,2017-01-24T10:29:48Z,"9 anos, 2 meses",2026-03-30T10:21:02Z,11 dias,3621,3.5 MB,objectbox-java,N/A
puniverse/quasar,https://github.com/puniverse/quasar,4563,Java,2013-03-27T14:51:24Z,"13 anos, 0 meses",2024-01-21T07:18:32Z,"2 anos, 2 meses",80585,78.7 MB,quasar,N/A
jacoco/jacoco,https://github.com/jacoco/jacoco,4528,Java,2012-07-08T21:45:13Z,"13 anos, 9 meses",2026-04-08T22:00:46Z,1 dias,12016,11.7 MB,jacoco,N/A
jdamcd/android-crop,https://github.com/jdamcd/android-crop,4525,Java,2014-03-13T10:24:43Z,"12 anos, 1 meses",2021-06-01T04:07:06Z,"4 anos, 10 meses",2835,2.8 MB,android-crop,N/A
castorflex/SmoothProgressBar,https://github.com/castorflex/SmoothProgressBar,4514,Java,2013-11-27T20:32:16Z,"12 anos, 4 meses",2021-05-21T18:02:35Z,"4 anos, 10 meses",15681,15.3 MB,SmoothProgressBar,N/A
JakeWharton/NineOldAndroids,https://github.com/JakeWharton/NineOldAndroids,4469,Java,2011-12-08T19:46:37Z,"14 anos, 4 meses",2016-04-23T04:31:21Z,"9 anos, 11 meses",1207,1.2 MB,NineOldAndroids,N/A
s4kibs4mi/java-developer-roadmap,https://github.com/s4kibs4mi/java-developer-roadmap,4460,Java,2019-04-23T06:42:13Z,"6 anos, 11 meses",2026-03-15T18:46:28Z,25 dias,9029,8.8 MB,java-developer-roadmap,N/A
square/android-times-square,https://github.com/square/android-times-square,4424,Java,2013-01-30T20:28:27Z,"13 anos, 2 meses",2023-05-28T01:46:37Z,"2 anos, 10 meses",1541,1.5 MB,android-times-square,N/A
Snailclimb/guide-rpc-framework,https://github.com/Snailclimb/guide-rpc-framework,4402,Java,2020-05-10T13:24:42Z,"5 anos, 11 meses",2025-09-30T09:52:57Z,"6 meses, 12 dias",4408,4.3 MB,guide-rpc-framework,N/A
iterate-ch/cyberduck,https://github.com/iterate-ch/cyberduck,4379,Java,2017-01-20T14:16:34Z,"9 anos, 2 meses",2026-04-10T13:28:12Z,0 dias,649923,634.7 MB,cyberduck,N/A
eirslett/frontend-maven-plugin,https://github.com/eirslett/frontend-maven-plugin,4355,Java,2013-08-30T14:44:38Z,"12 anos, 7 meses",2026-04-08T20:30:33Z,1 dias,2376,2.3 MB,frontend-maven-plugin,N/A
Ashok-Varma/BottomNavigation,https://github.com/Ashok-Varma/BottomNavigation,4355,Java,2016-03-19T19:19:30Z,"10 anos, 0 meses",2020-12-14T10:06:25Z,"5 anos, 3 meses",3928,3.8 MB,BottomNavigation,N/A
geoserver/geoserver,https://github.com/geoserver/geoserver,4316,Java,2011-11-10T19:56:06Z,"14 anos, 5 meses",2026-04-10T16:58:10Z,0 dias,451340,440.8 MB,geoserver,N/A
bingoogolapple/BGARefreshLayout-Android,https://github.com/bingoogolapple/BGARefreshLayout-Android,4299,Java,2015-05-28T16:17:00Z,"10 anos, 10 meses",2024-12-10T15:34:52Z,"1 anos, 4 meses",7569,7.4 MB,BGARefreshLayout-Android,N/A
brianway/java-learning,https://github.com/brianway/java-learning,4290,Java,2016-02-09T05:20:58Z,"10 anos, 2 meses",2022-01-08T16:03:06Z,"4 anos, 3 meses",800,800 KB,java-learning,N/A
alibaba/fastjson2,https://github.com/alibaba/fastjson2,4288,Java,2022-04-17T04:27:24Z,"3 anos, 11 meses",2026-03-15T07:57:43Z,26 dias,134587,131.4 MB,fastjson2,N/A
LibrePDF/OpenPDF,https://github.com/LibrePDF/OpenPDF,4239,Java,2016-07-11T15:50:34Z,"9 anos, 9 meses",2026-04-08T06:02:51Z,2 dias,43766,42.7 MB,OpenPDF,N/A
jishenghua/jshERP,https://github.com/jishenghua/jshERP,4208,Java,2016-09-20T04:51:39Z,"9 anos, 6 meses",2026-04-09T14:04:53Z,1 dias,64451,62.9 MB,jshERP,N/A
ChadCSong/ShineButton,https://github.com/ChadCSong/ShineButton,4201,Java,2016-07-05T06:32:26Z,"9 anos, 9 meses",2025-09-08T08:49:03Z,"7 meses, 4 dias",2526,2.5 MB,ShineButton,N/A
aws/aws-sdk-java,https://github.com/aws/aws-sdk-java,4198,Java,2010-03-22T23:34:58Z,"16 anos, 0 meses",2026-04-06T20:40:47Z,3 dias,6879514,6.6 GB,aws-sdk-java,N/A
yhaolpz/FloatWindow,https://github.com/yhaolpz/FloatWindow,4198,Java,2017-11-14T14:33:55Z,"8 anos, 4 meses",2021-10-13T09:50:11Z,"4 anos, 6 meses",1002,1002 KB,FloatWindow,N/A
powermock/powermock,https://github.com/powermock/powermock,4184,Java,2014-05-28T07:53:53Z,"11 anos, 10 meses",2024-01-03T18:46:42Z,"2 anos, 3 meses",5949,5.8 MB,powermock,N/A
Jacksgong/JKeyboardPanelSwitch,https://github.com/Jacksgong/JKeyboardPanelSwitch,4181,Java,2015-07-01T17:42:01Z,"10 anos, 9 meses",2020-08-18T05:13:02Z,"5 anos, 7 meses",24090,23.5 MB,JKeyboardPanelSwitch,N/A
jMonkeyEngine/jmonkeyengine,https://github.com/jMonkeyEngine/jmonkeyengine,4178,Java,2014-03-20T22:29:28Z,"12 anos, 0 meses",2026-04-08T20:18:19Z,1 dias,995390,972.1 MB,jmonkeyengine,N/A
bingoogolapple/BGABanner-Android,https://github.com/bingoogolapple/BGABanner-Android,4166,Java,2014-10-25T17:15:18Z,"11 anos, 5 meses",2024-12-10T17:06:18Z,"1 anos, 4 meses",40655,39.7 MB,BGABanner-Android,N/A
JFormDesigner/FlatLaf,https://github.com/JFormDesigner/FlatLaf,4146,Java,2019-08-19T10:27:05Z,"6 anos, 7 meses",2026-04-01T09:57:17Z,9 dias,20898,20.4 MB,FlatLaf,N/A
pqpo/SmartCropper,https://github.com/pqpo/SmartCropper,4126,Java,2017-08-03T11:08:41Z,"8 anos, 8 meses",2025-08-14T10:49:23Z,"7 meses, 29 dias",248522,242.7 MB,SmartCropper,N/A
DTStack/chunjun,https://github.com/DTStack/chunjun,4103,Java,2018-04-03T12:44:58Z,"8 anos, 0 meses",2025-12-02T10:52:15Z,"4 meses, 9 dias",132849,129.7 MB,chunjun,N/A
qunarcorp/bistoury,https://github.com/qunarcorp/bistoury,4089,Java,2019-08-01T07:54:25Z,"6 anos, 8 meses",2022-12-16T08:45:38Z,"3 anos, 3 meses",32465,31.7 MB,bistoury,N/A
Manabu-GT/ExpandableTextView,https://github.com/Manabu-GT/ExpandableTextView,4073,Java,2014-05-17T19:40:15Z,"11 anos, 11 meses",2025-12-12T06:29:59Z,"3 meses, 29 dias",4291,4.2 MB,ExpandableTextView,N/A
oblac/jodd,https://github.com/oblac/jodd,4070,Java,2012-09-07T20:26:48Z,"13 anos, 7 meses",2024-04-15T19:08:00Z,"1 anos, 11 meses",42823,41.8 MB,jodd,N/A
knowm/XChange,https://github.com/knowm/XChange,4050,Java,2012-02-02T10:48:28Z,"14 anos, 2 meses",2026-02-26T09:42:09Z,"1 meses, 13 dias",53463,52.2 MB,XChange,N/A
JeremyLiao/LiveEventBus,https://github.com/JeremyLiao/LiveEventBus,3989,Java,2018-07-11T07:36:59Z,"7 anos, 9 meses",2024-05-16T10:16:52Z,"1 anos, 10 meses",2678,2.6 MB,LiveEventBus,N/A
pingfangushi/screw,https://github.com/pingfangushi/screw,3972,Java,2020-06-21T11:37:06Z,"5 anos, 9 meses",2023-04-13T06:37:44Z,"2 anos, 12 meses",2092,2.0 MB,screw,N/A
google/bundletool,https://github.com/google/bundletool,3964,Java,2018-05-04T07:24:09Z,"7 anos, 11 meses",2025-12-15T20:10:39Z,"3 meses, 25 dias",11028,10.8 MB,bundletool,N/A
promeG/TinyPinyin,https://github.com/promeG/TinyPinyin,3943,Java,2015-09-30T03:24:50Z,"10 anos, 6 meses",2024-11-25T06:53:20Z,"1 anos, 4 meses",619,619 KB,TinyPinyin,N/A
VaughnVernon/IDDD_Samples,https://github.com/VaughnVernon/IDDD_Samples,3923,Java,2013-04-08T22:12:57Z,"13 anos, 0 meses",2023-09-09T17:02:35Z,"2 anos, 7 meses",546,546 KB,IDDD_Samples,N/A
sofastack/sofa-rpc,https://github.com/sofastack/sofa-rpc,3922,Java,2018-04-09T03:32:04Z,"8 anos, 0 meses",2026-04-07T15:41:06Z,3 dias,4222,4.1 MB,sofa-rpc,N/A
bluelinelabs/Conductor,https://github.com/bluelinelabs/Conductor,3900,Java,2016-03-16T18:42:41Z,"10 anos, 0 meses",2026-03-14T00:59:18Z,27 dias,3766,3.7 MB,Conductor,N/A
Exrick/xboot,https://github.com/Exrick/xboot,3895,Java,2018-04-23T14:44:18Z,"7 anos, 11 meses",2023-06-14T22:44:01Z,"2 anos, 10 meses",5309,5.2 MB,xboot,N/A
JavaNoober/BackgroundLibrary,https://github.com/JavaNoober/BackgroundLibrary,3890,Java,2018-09-09T08:52:45Z,"7 anos, 7 meses",2023-03-09T06:06:43Z,"3 anos, 1 meses",14430,14.1 MB,BackgroundLibrary,N/A
wendux/DSBridge-Android,https://github.com/wendux/DSBridge-Android,3879,Java,2017-01-02T11:58:53Z,"9 anos, 3 meses",2020-09-11T06:36:58Z,"5 anos, 7 meses",902,902 KB,DSBridge-Android,N/A
NotHarshhaa/DevOps-Projects,https://github.com/NotHarshhaa/DevOps-Projects,3867,Java,2023-08-09T04:19:38Z,"2 anos, 8 meses",2026-03-15T05:52:01Z,26 dias,26710,26.1 MB,DevOps-Projects,N/A
spotbugs/spotbugs,https://github.com/spotbugs/spotbugs,3856,Java,2016-11-04T22:18:08Z,"9 anos, 5 meses",2026-04-08T01:41:57Z,2 dias,147676,144.2 MB,spotbugs,N/A
RoaringBitmap/RoaringBitmap,https://github.com/RoaringBitmap/RoaringBitmap,3851,Java,2013-06-17T20:29:23Z,"12 anos, 9 meses",2026-04-05T15:12:10Z,5 dias,90931,88.8 MB,RoaringBitmap,N/A
JCTools/JCTools,https://github.com/JCTools/JCTools,3817,Java,2013-11-10T18:04:40Z,"12 anos, 5 meses",2026-04-02T18:09:12Z,7 dias,7986,7.8 MB,JCTools,N/A
happydog-intj/CircleProgress,https://github.com/happydog-intj/CircleProgress,3813,Java,2014-10-30T16:14:42Z,"11 anos, 5 meses",2021-10-09T08:07:36Z,"4 anos, 6 meses",2538,2.5 MB,CircleProgress,N/A
sofastack/sofa-jraft,https://github.com/sofastack/sofa-jraft,3800,Java,2019-03-04T10:13:43Z,"7 anos, 1 meses",2026-04-08T23:46:03Z,1 dias,3302,3.2 MB,sofa-jraft,N/A
mcxtzhang/SwipeDelMenuLayout,https://github.com/mcxtzhang/SwipeDelMenuLayout,3790,Java,2016-08-25T08:10:45Z,"9 anos, 7 meses",2020-01-02T06:03:55Z,"6 anos, 3 meses",5660,5.5 MB,SwipeDelMenuLayout,N/A
helidon-io/helidon,https://github.com/helidon-io/helidon,3774,Java,2018-08-27T11:03:52Z,"7 anos, 7 meses",2026-04-10T16:10:45Z,0 dias,132996,129.9 MB,helidon,N/A
lygttpod/SuperTextView,https://github.com/lygttpod/SuperTextView,3768,Java,2016-10-19T04:06:54Z,"9 anos, 5 meses",2021-06-15T11:35:48Z,"4 anos, 10 meses",25933,25.3 MB,SuperTextView,N/A
Atmosphere/atmosphere,https://github.com/Atmosphere/atmosphere,3748,Java,2010-06-30T14:26:23Z,"15 anos, 9 meses",2026-04-10T16:33:19Z,0 dias,176896,172.8 MB,atmosphere,N/A
roboguice/roboguice,https://github.com/roboguice/roboguice,3738,Java,2012-08-12T20:37:19Z,"13 anos, 8 meses",2017-01-19T21:02:22Z,"9 anos, 2 meses",70278,68.6 MB,roboguice,N/A
DependencyTrack/dependency-track,https://github.com/DependencyTrack/dependency-track,3737,Java,2013-07-16T19:16:43Z,"12 anos, 9 meses",2026-04-09T08:14:22Z,1 dias,114161,111.5 MB,dependency-track,N/A
coderbruis/JavaSourceCodeLearning,https://github.com/coderbruis/JavaSourceCodeLearning,3731,Java,2020-06-02T13:34:20Z,"5 anos, 10 meses",2022-05-31T10:26:51Z,"3 anos, 10 meses",8297,8.1 MB,JavaSourceCodeLearning,N/A
lihangleo2/ShadowLayout,https://github.com/lihangleo2/ShadowLayout,3729,Java,2019-07-09T07:17:06Z,"6 anos, 9 meses",2026-02-10T06:55:53Z,"1 meses, 29 dias",4202,4.1 MB,ShadowLayout,N/A
stfalcon-studio/ChatKit,https://github.com/stfalcon-studio/ChatKit,3724,Java,2017-02-02T09:37:15Z,"9 anos, 2 meses",2022-05-23T20:11:06Z,"3 anos, 10 meses",6136,6.0 MB,ChatKit,N/A
OpenHFT/Chronicle-Queue,https://github.com/OpenHFT/Chronicle-Queue,3717,Java,2013-06-02T15:11:33Z,"12 anos, 10 meses",2026-03-30T14:00:00Z,11 dias,33063,32.3 MB,Chronicle-Queue,N/A
willowtreeapps/spruce-android,https://github.com/willowtreeapps/spruce-android,3711,Java,2017-02-23T20:34:18Z,"9 anos, 1 meses",2021-02-09T01:00:46Z,"5 anos, 2 meses",8169,8.0 MB,spruce-android,N/A
grpc-ecosystem/grpc-spring,https://github.com/grpc-ecosystem/grpc-spring,3706,Java,2016-12-30T09:06:15Z,"9 anos, 3 meses",2026-03-26T12:42:52Z,15 dias,3937,3.8 MB,grpc-spring,N/A
FasterXML/jackson-databind,https://github.com/FasterXML/jackson-databind,3701,Java,2011-12-23T07:17:41Z,"14 anos, 3 meses",2026-04-09T21:48:43Z,0 dias,87239,85.2 MB,jackson-databind,N/A
springdoc/springdoc-openapi,https://github.com/springdoc/springdoc-openapi,3694,Java,2019-07-11T23:08:20Z,"6 anos, 9 meses",2026-03-19T21:46:27Z,21 dias,17149,16.7 MB,springdoc-openapi,N/A
1024-lab/smart-admin,https://github.com/1024-lab/smart-admin,3695,Java,2019-11-16T02:30:31Z,"6 anos, 4 meses",2026-04-09T17:45:43Z,0 dias,36435,35.6 MB,smart-admin,N/A
apache/tika,https://github.com/apache/tika,3683,Java,2009-05-21T02:12:11Z,"16 anos, 10 meses",2026-04-10T12:01:58Z,0 dias,348146,340.0 MB,tika,N/A
Mojang/brigadier,https://github.com/Mojang/brigadier,3683,Java,2014-09-15T08:48:24Z,"11 anos, 7 meses",2024-08-15T19:29:48Z,"1 anos, 7 meses",470,470 KB,brigadier,N/A
networknt/light-4j,https://github.com/networknt/light-4j,3679,Java,2016-09-09T22:28:14Z,"9 anos, 7 meses",2026-04-03T02:51:14Z,7 dias,14245,13.9 MB,light-4j,N/A
lisawray/groupie,https://github.com/lisawray/groupie,3671,Java,2016-09-01T20:59:35Z,"9 anos, 7 meses",2023-10-03T04:12:10Z,"2 anos, 6 meses",678,678 KB,groupie,N/A
mbechler/marshalsec,https://github.com/mbechler/marshalsec,3670,Java,2017-05-22T11:43:57Z,"8 anos, 10 meses",2025-01-09T19:07:14Z,"1 anos, 3 meses",469,469 KB,marshalsec,N/A
spring-io/initializr,https://github.com/spring-io/initializr,3664,Java,2013-06-07T16:02:22Z,"12 anos, 10 meses",2026-04-07T06:55:23Z,3 dias,11725,11.5 MB,initializr,N/A
google/rejoiner,https://github.com/google/rejoiner,3664,Java,2017-12-06T19:09:53Z,"8 anos, 4 meses",2023-06-13T22:58:03Z,"2 anos, 10 meses",793,793 KB,rejoiner,N/A
TNG/ArchUnit,https://github.com/TNG/ArchUnit,3654,Java,2017-04-21T08:39:20Z,"8 anos, 11 meses",2026-04-10T07:07:20Z,0 dias,17297,16.9 MB,ArchUnit,N/A
KunMinX/Linkage-RecyclerView,https://github.com/KunMinX/Linkage-RecyclerView,3654,Java,2019-04-22T04:39:46Z,"6 anos, 11 meses",2023-03-17T14:54:03Z,"3 anos, 0 meses",761,761 KB,Linkage-RecyclerView,N/A
huburt-Hu/NewbieGuide,https://github.com/huburt-Hu/NewbieGuide,3645,Java,2017-07-28T06:54:05Z,"8 anos, 8 meses",2024-02-18T03:21:03Z,"2 anos, 1 meses",795,795 KB,NewbieGuide,N/A
fabric8io/kubernetes-client,https://github.com/fabric8io/kubernetes-client,3641,Java,2015-07-09T15:43:13Z,"10 anos, 9 meses",2026-04-08T19:53:40Z,1 dias,522901,510.6 MB,kubernetes-client,N/A
spockframework/spock,https://github.com/spockframework/spock,3629,Java,2010-12-12T19:02:34Z,"15 anos, 4 meses",2026-04-09T23:33:31Z,0 dias,36781,35.9 MB,spock,N/A
anggrayudi/android-hidden-api,https://github.com/anggrayudi/android-hidden-api,3621,Java,2015-09-16T11:58:33Z,"10 anos, 6 meses",2025-01-17T11:02:07Z,"1 anos, 2 meses",334972,327.1 MB,android-hidden-api,N/A
alibaba/Alink,https://github.com/alibaba/Alink,3618,Java,2018-09-30T06:36:11Z,"7 anos, 6 meses",2024-06-07T14:56:29Z,"1 anos, 10 meses",18863,18.4 MB,Alink,N/A
PlexPt/chatgpt-java,https://github.com/PlexPt/chatgpt-java,3612,Java,2022-12-07T04:55:33Z,"3 anos, 4 meses",2025-11-29T16:41:52Z,"4 meses, 12 dias",441,441 KB,chatgpt-java,N/A
davideas/FlexibleAdapter,https://github.com/davideas/FlexibleAdapter,3570,Java,2015-05-02T22:00:43Z,"10 anos, 11 meses",2026-03-14T10:36:55Z,27 dias,10885,10.6 MB,FlexibleAdapter,N/A
dongjunkun/DropDownMenu,https://github.com/dongjunkun/DropDownMenu,3566,Java,2015-06-23T07:43:56Z,"10 anos, 9 meses",2022-02-18T09:26:17Z,"4 anos, 1 meses",14892,14.5 MB,DropDownMenu,N/A
bilibili/MagicaSakura,https://github.com/bilibili/MagicaSakura,3551,Java,2016-06-23T07:54:59Z,"9 anos, 9 meses",2022-02-16T08:39:50Z,"4 anos, 1 meses",3043,3.0 MB,MagicaSakura,N/A
dariuszseweryn/RxAndroidBle,https://github.com/dariuszseweryn/RxAndroidBle,3551,Java,2016-02-04T13:42:02Z,"10 anos, 2 meses",2025-06-06T20:33:07Z,"10 meses, 7 dias",2949,2.9 MB,RxAndroidBle,N/A
Guardsquare/proguard,https://github.com/Guardsquare/proguard,3538,Java,2019-03-27T16:35:35Z,"7 anos, 0 meses",2026-04-09T12:48:27Z,1 dias,7103,6.9 MB,proguard,N/A
johncarl81/parceler,https://github.com/johncarl81/parceler,3538,Java,2013-07-03T02:53:01Z,"12 anos, 9 meses",2022-05-20T20:48:57Z,"3 anos, 10 meses",1565,1.5 MB,parceler,N/A
luontola/retrolambda,https://github.com/luontola/retrolambda,3526,Java,2013-07-20T07:25:22Z,"12 anos, 8 meses",2023-09-26T15:12:04Z,"2 anos, 6 meses",1063,1.0 MB,retrolambda,N/A
lsjwzh/RecyclerViewPager,https://github.com/lsjwzh/RecyclerViewPager,3506,Java,2015-01-17T18:30:34Z,"11 anos, 2 meses",2021-03-11T10:48:00Z,"5 anos, 1 meses",3248,3.2 MB,RecyclerViewPager,N/A
apache/incubator-kie-optaplanner,https://github.com/apache/incubator-kie-optaplanner,3490,Java,2011-02-15T19:38:23Z,"15 anos, 1 meses",2026-03-30T15:43:47Z,11 dias,244730,239.0 MB,incubator-kie-optaplanner,N/A
getActivity/Toaster,https://github.com/getActivity/Toaster,3483,Java,2018-09-16T05:28:57Z,"7 anos, 6 meses",2026-04-10T02:23:23Z,0 dias,55723,54.4 MB,Toaster,N/A
phodal/migration,https://github.com/phodal/migration,3476,Java,2020-01-08T02:11:38Z,"6 anos, 3 meses",2021-08-12T08:05:53Z,"4 anos, 8 meses",6167,6.0 MB,migration,N/A
ittianyu/BottomNavigationViewEx,https://github.com/ittianyu/BottomNavigationViewEx,3475,Java,2016-11-12T08:39:38Z,"9 anos, 5 meses",2024-04-21T20:10:20Z,"1 anos, 11 meses",1770,1.7 MB,BottomNavigationViewEx,N/A
bastillion-io/Bastillion,https://github.com/bastillion-io/Bastillion,3456,Java,2013-02-07T23:11:49Z,"13 anos, 2 meses",2026-04-09T02:52:27Z,1 dias,4136,4.0 MB,Bastillion,N/A
alamkanak/Android-Week-View,https://github.com/alamkanak/Android-Week-View,3447,Java,2014-09-17T10:07:12Z,"11 anos, 6 meses",2024-05-30T16:25:55Z,"1 anos, 10 meses",814,814 KB,Android-Week-View,N/A
crossoverJie/SSM,https://github.com/crossoverJie/SSM,3430,Java,2016-06-21T10:09:02Z,"9 anos, 9 meses",2018-07-02T14:32:39Z,"7 anos, 9 meses",4404,4.3 MB,SSM,N/A
kevinsawicki/http-request,https://github.com/kevinsawicki/http-request,3425,Java,2011-10-21T19:54:58Z,"14 anos, 5 meses",2023-10-25T22:21:44Z,"2 anos, 5 meses",1678,1.6 MB,http-request,N/A
aeron-io/simple-binary-encoding,https://github.com/aeron-io/simple-binary-encoding,3424,Java,2013-09-03T09:13:34Z,"12 anos, 7 meses",2026-04-07T12:43:34Z,3 dias,28871,28.2 MB,simple-binary-encoding,N/A
apache/maven-mvnd,https://github.com/apache/maven-mvnd,3415,Java,2019-09-21T17:49:30Z,"6 anos, 6 meses",2026-04-09T10:20:51Z,1 dias,4046,4.0 MB,maven-mvnd,N/A
openrewrite/rewrite,https://github.com/openrewrite/rewrite,3389,Java,2020-05-12T20:16:14Z,"5 anos, 11 meses",2026-04-10T16:52:11Z,0 dias,126194,123.2 MB,rewrite,N/A
dotintent/react-native-ble-plx,https://github.com/dotintent/react-native-ble-plx,3387,Java,2016-07-27T10:57:27Z,"9 anos, 8 meses",2026-03-09T20:25:54Z,"1 meses, 1 dias",9271,9.1 MB,react-native-ble-plx,N/A
amitshekhariitbhu/PRDownloader,https://github.com/amitshekhariitbhu/PRDownloader,3384,Java,2017-11-11T19:29:38Z,"8 anos, 5 meses",2026-01-28T09:26:37Z,"2 meses, 12 dias",481,481 KB,PRDownloader,N/A
yigit/android-priority-jobqueue,https://github.com/yigit/android-priority-jobqueue,3381,Java,2014-06-20T00:12:45Z,"11 anos, 9 meses",2022-10-22T00:16:33Z,"3 anos, 5 meses",14756,14.4 MB,android-priority-jobqueue,N/A
abel533/MyBatis-Spring-Boot,https://github.com/abel533/MyBatis-Spring-Boot,3358,Java,2015-12-19T09:57:22Z,"10 anos, 3 meses",2022-01-26T08:37:37Z,"4 anos, 2 meses",152,152 KB,MyBatis-Spring-Boot,N/A
modelcontextprotocol/java-sdk,https://github.com/modelcontextprotocol/java-sdk,3352,Java,2025-01-20T17:52:58Z,"1 anos, 2 meses",2026-04-10T09:32:22Z,0 dias,7799,7.6 MB,java-sdk,N/A
chenBingX/SuperTextView,https://github.com/chenBingX/SuperTextView,3311,Java,2017-04-17T11:32:41Z,"8 anos, 12 meses",2022-01-17T16:02:08Z,"4 anos, 2 meses",36727,35.9 MB,SuperTextView,N/A
iammert/ScalingLayout,https://github.com/iammert/ScalingLayout,3307,Java,2017-10-01T12:28:34Z,"8 anos, 6 meses",2023-05-28T15:10:34Z,"2 anos, 10 meses",8367,8.2 MB,ScalingLayout,N/A
Tencent/spring-cloud-tencent,https://github.com/Tencent/spring-cloud-tencent,3299,Java,2021-07-29T05:12:42Z,"4 anos, 8 meses",2026-04-09T02:51:04Z,1 dias,9717,9.5 MB,spring-cloud-tencent,N/A
BoCloud/folib,https://github.com/BoCloud/folib,3285,Java,2025-07-09T06:22:58Z,"9 meses, 5 dias",2025-12-24T08:34:10Z,"3 meses, 17 dias",188623,184.2 MB,folib,N/A
AdoptOpenJDK/jitwatch,https://github.com/AdoptOpenJDK/jitwatch,3279,Java,2013-09-30T14:18:17Z,"12 anos, 6 meses",2025-12-28T13:31:13Z,"3 meses, 13 dias",9575,9.4 MB,jitwatch,N/A
daimajia/AndroidViewHover,https://github.com/daimajia/AndroidViewHover,3273,Java,2014-08-08T12:04:43Z,"11 anos, 8 meses",2023-05-28T15:13:11Z,"2 anos, 10 meses",7103,6.9 MB,AndroidViewHover,N/A
jfinal/jfinal,https://github.com/jfinal/jfinal,3270,Java,2012-04-25T08:48:48Z,"13 anos, 11 meses",2026-02-24T15:36:50Z,"1 meses, 15 dias",3970,3.9 MB,jfinal,N/A
eleme/UETool,https://github.com/eleme/UETool,3268,Java,2018-05-16T08:13:17Z,"7 anos, 11 meses",2022-11-01T08:08:23Z,"3 anos, 5 meses",17639,17.2 MB,UETool,N/A
guoguibing/librec,https://github.com/guoguibing/librec,3262,Java,2014-01-09T16:06:11Z,"12 anos, 3 meses",2023-07-13T17:03:11Z,"2 anos, 9 meses",87642,85.6 MB,librec,N/A
bytedance/ByteX,https://github.com/bytedance/ByteX,3253,Java,2020-01-10T12:20:07Z,"6 anos, 3 meses",2024-01-20T15:06:58Z,"2 anos, 2 meses",15975,15.6 MB,ByteX,N/A
spring-projects/spring-data-jpa,https://github.com/spring-projects/spring-data-jpa,3251,Java,2010-11-11T21:36:56Z,"15 anos, 5 meses",2026-04-10T15:00:07Z,0 dias,17132,16.7 MB,spring-data-jpa,N/A
apache/paimon,https://github.com/apache/paimon,3236,Java,2022-01-12T03:13:15Z,"4 anos, 2 meses",2026-04-10T14:11:03Z,0 dias,72459,70.8 MB,paimon,N/A
xerial/sqlite-jdbc,https://github.com/xerial/sqlite-jdbc,3219,Java,2014-08-06T14:01:00Z,"11 anos, 8 meses",2026-04-10T08:28:49Z,0 dias,700057,683.6 MB,sqlite-jdbc,N/A
florent37/ShapeOfView,https://github.com/florent37/ShapeOfView,3219,Java,2018-02-18T12:14:06Z,"8 anos, 1 meses",2025-03-07T21:04:51Z,"1 anos, 1 meses",14184,13.9 MB,ShapeOfView,N/A
bauerca/drag-sort-listview,https://github.com/bauerca/drag-sort-listview,3207,Java,2012-06-01T06:32:13Z,"13 anos, 10 meses",2019-08-02T05:11:18Z,"6 anos, 8 meses",2461,2.4 MB,drag-sort-listview,N/A
ragunathjawahar/android-saripaar,https://github.com/ragunathjawahar/android-saripaar,3201,Java,2012-09-08T11:52:30Z,"13 anos, 7 meses",2020-12-03T16:41:19Z,"5 anos, 4 meses",3124,3.1 MB,android-saripaar,N/A
java8/Java8InAction,https://github.com/java8/Java8InAction,3194,Java,2013-10-28T23:59:40Z,"12 anos, 5 meses",2023-12-06T11:43:33Z,"2 anos, 4 meses",112,112 KB,Java8InAction,N/A
evrencoskun/TableView,https://github.com/evrencoskun/TableView,3186,Java,2017-06-13T04:29:44Z,"8 anos, 10 meses",2023-03-17T07:28:39Z,"3 anos, 0 meses",50824,49.6 MB,TableView,N/A
facebookarchive/network-connection-class,https://github.com/facebookarchive/network-connection-class,3182,Java,2015-03-18T02:16:43Z,"11 anos, 0 meses",2019-03-27T22:44:59Z,"7 anos, 0 meses",248,248 KB,network-connection-class,N/A
bilibili/boxing,https://github.com/bilibili/boxing,3181,Java,2017-01-22T07:04:34Z,"9 anos, 2 meses",2019-05-15T05:56:48Z,"6 anos, 11 meses",1603,1.6 MB,boxing,N/A
aeron-io/agrona,https://github.com/aeron-io/agrona,3179,Java,2014-11-03T20:14:21Z,"11 anos, 5 meses",2026-04-07T12:39:13Z,3 dias,5860,5.7 MB,agrona,N/A
smartloli/EFAK,https://github.com/smartloli/EFAK,3174,Java,2017-02-04T08:52:23Z,"9 anos, 2 meses",2025-12-18T15:35:57Z,"3 meses, 23 dias",138505,135.3 MB,EFAK,N/A
apache/curator,https://github.com/apache/curator,3170,Java,2014-03-03T08:00:07Z,"12 anos, 1 meses",2026-03-16T23:22:18Z,24 dias,11352,11.1 MB,curator,N/A
wildfly/wildfly,https://github.com/wildfly/wildfly,3160,Java,2010-07-08T20:46:07Z,"15 anos, 9 meses",2026-04-10T16:32:40Z,0 dias,302499,295.4 MB,wildfly,N/A
Wisser/Jailer,https://github.com/Wisser/Jailer,3158,Java,2011-06-20T13:28:18Z,"14 anos, 9 meses",2026-04-09T06:14:09Z,1 dias,429634,419.6 MB,Jailer,N/A
oculix-org/SikuliX1,https://github.com/oculix-org/SikuliX1,3151,Java,2018-03-07T15:34:13Z,"8 anos, 1 meses",2026-04-08T10:52:58Z,2 dias,175587,171.5 MB,SikuliX1,N/A
amulyakhare/TextDrawable,https://github.com/amulyakhare/TextDrawable,3147,Java,2014-10-19T09:56:45Z,"11 anos, 5 meses",2021-09-02T12:32:50Z,"4 anos, 7 meses",1148,1.1 MB,TextDrawable,N/A
zaaach/CityPicker,https://github.com/zaaach/CityPicker,3133,Java,2016-02-27T09:11:27Z,"10 anos, 1 meses",2021-07-07T06:55:07Z,"4 anos, 9 meses",14120,13.8 MB,CityPicker,N/A
requery/requery,https://github.com/requery/requery,3121,Java,2015-11-14T00:45:31Z,"10 anos, 5 meses",2026-02-09T08:58:28Z,"2 meses, 0 dias",2980,2.9 MB,requery,N/A
Minestom/Minestom,https://github.com/Minestom/Minestom,3118,Java,2019-08-03T13:22:27Z,"6 anos, 8 meses",2026-04-08T22:32:28Z,1 dias,382391,373.4 MB,Minestom,N/A
egzosn/pay-java-parent,https://github.com/egzosn/pay-java-parent,3110,Java,2016-05-18T12:52:36Z,"9 anos, 10 meses",2025-08-14T06:52:50Z,"7 meses, 29 dias",11478,11.2 MB,pay-java-parent,N/A
szerhusenBC/jwt-spring-security-demo,https://github.com/szerhusenBC/jwt-spring-security-demo,3108,Java,2016-03-20T19:16:17Z,"10 anos, 0 meses",2022-02-07T06:09:47Z,"4 anos, 2 meses",328,328 KB,jwt-spring-security-demo,N/A
eclipse-paho/paho.mqtt.android,https://github.com/eclipse-paho/paho.mqtt.android,3096,Java,2016-02-19T15:44:50Z,"10 anos, 1 meses",2024-08-10T07:56:41Z,"1 anos, 8 meses",2097,2.0 MB,paho.mqtt.android,N/A
CrawlScript/WebCollector,https://github.com/CrawlScript/WebCollector,3095,Java,2014-07-12T03:16:12Z,"11 anos, 9 meses",2026-02-10T07:32:20Z,"1 meses, 29 dias",272117,265.7 MB,WebCollector,N/A
mplushnikov/lombok-intellij-plugin,https://github.com/mplushnikov/lombok-intellij-plugin,3087,Java,2013-10-09T21:49:01Z,"12 anos, 6 meses",2024-11-02T21:13:18Z,"1 anos, 5 meses",28195,27.5 MB,lombok-intellij-plugin,N/A
KeepSafe/dexcount-gradle-plugin,https://github.com/KeepSafe/dexcount-gradle-plugin,3083,Java,2015-06-04T03:33:17Z,"10 anos, 10 meses",2025-11-26T23:36:05Z,"4 meses, 14 dias",4563,4.5 MB,dexcount-gradle-plugin,N/A
soot-oss/soot,https://github.com/soot-oss/soot,3077,Java,2012-06-20T12:41:19Z,"13 anos, 9 meses",2026-03-03T21:19:32Z,"1 meses, 7 dias",1151405,1.1 GB,soot,N/A
ulisesbocchio/jasypt-spring-boot,https://github.com/ulisesbocchio/jasypt-spring-boot,3068,Java,2015-05-27T14:00:55Z,"10 anos, 10 meses",2026-01-25T21:53:09Z,"2 meses, 14 dias",597,597 KB,jasypt-spring-boot,N/A
osmdroid/osmdroid,https://github.com/osmdroid/osmdroid,3063,Java,2014-03-06T19:03:48Z,"12 anos, 1 meses",2024-11-20T06:40:38Z,"1 anos, 4 meses",111337,108.7 MB,osmdroid,N/A
itwanger/paicoding,https://github.com/itwanger/paicoding,3056,Java,2022-07-06T12:43:21Z,"3 anos, 9 meses",2026-04-02T02:17:54Z,8 dias,24259,23.7 MB,paicoding,N/A
apache/parquet-java,https://github.com/apache/parquet-java,3050,Java,2014-06-10T07:00:07Z,"11 anos, 10 meses",2026-04-05T02:22:23Z,5 dias,16103,15.7 MB,parquet-java,N/A
apache/hugegraph,https://github.com/apache/hugegraph,3042,Java,2018-07-18T03:30:20Z,"7 anos, 8 meses",2026-04-10T09:57:05Z,0 dias,25182,24.6 MB,hugegraph,N/A
apache/netbeans,https://github.com/apache/netbeans,3037,Java,2017-09-01T07:00:11Z,"8 anos, 7 meses",2026-04-10T16:31:25Z,0 dias,425183,415.2 MB,netbeans,N/A
apache/pdfbox,https://github.com/apache/pdfbox,3036,Java,2009-09-26T08:00:19Z,"16 anos, 6 meses",2026-04-10T14:07:54Z,0 dias,115714,113.0 MB,pdfbox,N/A
gabrielemariotti/RecyclerViewItemAnimators,https://github.com/gabrielemariotti/RecyclerViewItemAnimators,3032,Java,2014-08-22T00:24:43Z,"11 anos, 7 meses",2015-11-21T06:47:39Z,"10 anos, 4 meses",716,716 KB,RecyclerViewItemAnimators,N/A
HuanTanSheng/EasyPhotos,https://github.com/HuanTanSheng/EasyPhotos,3027,Java,2017-10-19T03:32:05Z,"8 anos, 5 meses",2024-01-16T08:15:35Z,"2 anos, 2 meses",104128,101.7 MB,EasyPhotos,N/A
konsoletyper/teavm,https://github.com/konsoletyper/teavm,3025,Java,2013-09-23T20:04:15Z,"12 anos, 6 meses",2026-04-09T19:01:16Z,0 dias,130390,127.3 MB,teavm,N/A
igniterealtime/Openfire,https://github.com/igniterealtime/Openfire,3018,Java,2014-04-07T09:12:33Z,"12 anos, 0 meses",2026-04-10T08:11:37Z,0 dias,882849,862.2 MB,Openfire,N/A
CodeRayZhang/Movie_Recommend,https://github.com/CodeRayZhang/Movie_Recommend,3009,Java,2018-04-18T15:42:28Z,"7 anos, 11 meses",2019-04-01T13:10:59Z,"7 anos, 0 meses",57779,56.4 MB,Movie_Recommend,N/A
jd-alexander/LikeButton,https://github.com/jd-alexander/LikeButton,3009,Java,2015-12-23T17:49:46Z,"10 anos, 3 meses",2024-01-26T16:26:58Z,"2 anos, 2 meses",367,367 KB,LikeButton,N/A
ltsopensource/light-task-scheduler,https://github.com/ltsopensource/light-task-scheduler,3004,Java,2014-10-24T12:53:14Z,"11 anos, 5 meses",2022-10-20T07:34:03Z,"3 anos, 5 meses",99960,97.6 MB,light-task-scheduler,N/A
keyboardsurfer/Crouton,https://github.com/keyboardsurfer/Crouton,2989,Java,2012-08-03T11:04:36Z,"13 anos, 8 meses",2015-09-28T15:29:58Z,"10 anos, 6 meses",3934,3.8 MB,Crouton,N/A
dmytrodanylyk/android-process-button,https://github.com/dmytrodanylyk/android-process-button,2983,Java,2014-05-02T20:39:23Z,"11 anos, 11 meses",2018-08-28T19:33:32Z,"7 anos, 7 meses",3491,3.4 MB,android-process-button,N/A
classgraph/classgraph,https://github.com/classgraph/classgraph,2975,Java,2014-08-17T20:46:57Z,"11 anos, 7 meses",2025-10-10T10:05:26Z,"6 meses, 2 dias",28034,27.4 MB,classgraph,N/A
pedrovgs/DraggablePanel,https://github.com/pedrovgs/DraggablePanel,2967,Java,2014-04-13T11:40:54Z,"12 anos, 0 meses",2017-06-12T17:16:25Z,"8 anos, 10 meses",107837,105.3 MB,DraggablePanel,N/A
spring-projects/spring-data-elasticsearch,https://github.com/spring-projects/spring-data-elasticsearch,2966,Java,2013-04-29T14:27:38Z,"12 anos, 11 meses",2026-04-10T14:58:23Z,0 dias,47567,46.5 MB,spring-data-elasticsearch,N/A
brianway/springmvc-mybatis-learning,https://github.com/brianway/springmvc-mybatis-learning,2962,Java,2016-03-10T07:29:31Z,"10 anos, 1 meses",2022-01-08T14:14:14Z,"4 anos, 3 meses",17888,17.5 MB,springmvc-mybatis-learning,N/A
apache/commons-lang,https://github.com/apache/commons-lang,2951,Java,2009-05-21T01:24:46Z,"16 anos, 10 meses",2026-04-10T12:23:03Z,0 dias,29910,29.2 MB,commons-lang,N/A
jobrunr/jobrunr,https://github.com/jobrunr/jobrunr,2950,Java,2020-04-02T17:34:11Z,"6 anos, 0 meses",2026-04-10T07:24:59Z,0 dias,13186,12.9 MB,jobrunr,N/A
lovetuzitong/MultiImageSelector,https://github.com/lovetuzitong/MultiImageSelector,2945,Java,2015-04-08T10:12:50Z,"11 anos, 0 meses",2020-05-06T02:39:00Z,"5 anos, 11 meses",4004,3.9 MB,MultiImageSelector,N/A
spring-projects/spring-batch,https://github.com/spring-projects/spring-batch,2938,Java,2010-11-17T17:53:45Z,"15 anos, 4 meses",2026-03-23T07:41:56Z,18 dias,111220,108.6 MB,spring-batch,N/A
stephanenicolas/robospice,https://github.com/stephanenicolas/robospice,2936,Java,2012-09-19T14:09:37Z,"13 anos, 6 meses",2018-01-14T04:12:11Z,"8 anos, 2 meses",72063,70.4 MB,robospice,N/A
sockeqwe/AdapterDelegates,https://github.com/sockeqwe/AdapterDelegates,2931,Java,2015-07-29T11:19:56Z,"10 anos, 8 meses",2024-04-18T09:55:42Z,"1 anos, 11 meses",1001,1001 KB,AdapterDelegates,N/A
Jackson0714/PassJava-Platform,https://github.com/Jackson0714/PassJava-Platform,2924,Java,2020-04-05T05:31:47Z,"6 anos, 0 meses",2023-12-17T03:40:45Z,"2 anos, 3 meses",7107,6.9 MB,PassJava-Platform,N/A
Pay-Group/best-pay-sdk,https://github.com/Pay-Group/best-pay-sdk,2922,Java,2017-03-03T06:57:32Z,"9 anos, 1 meses",2023-12-21T22:03:27Z,"2 anos, 3 meses",616,616 KB,best-pay-sdk,N/A
AltBeacon/android-beacon-library,https://github.com/AltBeacon/android-beacon-library,2910,Java,2014-07-28T13:11:19Z,"11 anos, 8 meses",2026-01-16T23:33:24Z,"2 meses, 23 dias",8537,8.3 MB,android-beacon-library,N/A
EverythingMe/overscroll-decor,https://github.com/EverythingMe/overscroll-decor,2900,Java,2015-11-22T11:44:06Z,"10 anos, 4 meses",2021-04-22T14:49:22Z,"4 anos, 11 meses",3380,3.3 MB,overscroll-decor,N/A
donkingliang/ConsecutiveScroller,https://github.com/donkingliang/ConsecutiveScroller,2896,Java,2020-03-15T08:01:26Z,"6 anos, 0 meses",2023-03-28T06:57:07Z,"3 anos, 0 meses",7292,7.1 MB,ConsecutiveScroller,N/A
google/binnavi,https://github.com/google/binnavi,2892,Java,2015-08-19T12:20:24Z,"10 anos, 7 meses",2020-10-23T07:04:37Z,"5 anos, 5 meses",136495,133.3 MB,binnavi,N/A
jenkinsci/blueocean-plugin,https://github.com/jenkinsci/blueocean-plugin,2885,Java,2016-01-23T18:02:45Z,"10 anos, 2 meses",2026-04-02T11:48:06Z,8 dias,35402,34.6 MB,blueocean-plugin,N/A
liuyangming/ByteTCC,https://github.com/liuyangming/ByteTCC,2880,Java,2016-02-12T11:51:14Z,"10 anos, 2 meses",2022-04-15T13:50:00Z,"3 anos, 12 meses",1693,1.7 MB,ByteTCC,N/A
scottyab/rootbeer,https://github.com/scottyab/rootbeer,2882,Java,2015-06-19T09:01:55Z,"10 anos, 9 meses",2026-03-17T21:24:08Z,23 dias,3298,3.2 MB,rootbeer,N/A
Teevity/ice,https://github.com/Teevity/ice,2879,Java,2013-06-14T20:56:13Z,"12 anos, 10 meses",2022-10-07T08:42:19Z,"3 anos, 6 meses",2507,2.4 MB,ice,N/A
in28minutes/devops-master-class,https://github.com/in28minutes/devops-master-class,2873,Java,2020-01-20T03:46:30Z,"6 anos, 2 meses",2024-09-10T15:32:33Z,"1 anos, 7 meses",3745,3.7 MB,devops-master-class,N/A
arcadefire/nice-spinner,https://github.com/arcadefire/nice-spinner,2862,Java,2015-08-02T17:16:45Z,"10 anos, 8 meses",2024-07-28T20:08:59Z,"1 anos, 8 meses",412,412 KB,nice-spinner,N/A
tlaplus/tlaplus,https://github.com/tlaplus/tlaplus,2860,Java,2016-02-02T08:48:27Z,"10 anos, 2 meses",2026-04-09T23:11:53Z,0 dias,152681,149.1 MB,tlaplus,N/A
RobotiumTech/robotium,https://github.com/RobotiumTech/robotium,2857,Java,2009-12-10T12:51:14Z,"16 anos, 4 meses",2021-09-28T16:14:19Z,"4 anos, 6 meses",2372,2.3 MB,robotium,N/A
ManuelPeinado/FadingActionBar,https://github.com/ManuelPeinado/FadingActionBar,2849,Java,2013-05-25T11:50:00Z,"12 anos, 10 meses",2018-05-05T22:06:23Z,"7 anos, 11 meses",15076,14.7 MB,FadingActionBar,N/A
aicareles/Android-BLE,https://github.com/aicareles/Android-BLE,2843,Java,2016-11-29T06:15:08Z,"9 anos, 4 meses",2024-11-24T06:37:16Z,"1 anos, 4 meses",29877,29.2 MB,Android-BLE,N/A
w446108264/XhsEmoticonsKeyboard,https://github.com/w446108264/XhsEmoticonsKeyboard,2841,Java,2015-03-06T02:39:34Z,"11 anos, 1 meses",2019-05-17T10:29:14Z,"6 anos, 11 meses",28220,27.6 MB,XhsEmoticonsKeyboard,N/A
AbrahamCaiJin/CommonUtilLibrary,https://github.com/AbrahamCaiJin/CommonUtilLibrary,2841,Java,2017-04-28T06:06:58Z,"8 anos, 11 meses",2025-08-18T06:38:41Z,"7 meses, 25 dias",824,824 KB,CommonUtilLibrary,N/A
bytedeco/javacpp-presets,https://github.com/bytedeco/javacpp-presets,2839,Java,2014-04-21T13:19:55Z,"11 anos, 11 meses",2026-04-09T08:39:16Z,1 dias,804982,786.1 MB,javacpp-presets,N/A
yizhiwazi/springboot-socks,https://github.com/yizhiwazi/springboot-socks,2838,Java,2017-09-24T16:03:57Z,"8 anos, 6 meses",2025-09-20T16:40:30Z,"6 meses, 22 dias",3038,3.0 MB,springboot-socks,N/A
JoanZapata/android-pdfview,https://github.com/JoanZapata/android-pdfview,2836,Java,2012-11-21T16:19:38Z,"13 anos, 4 meses",2016-07-04T19:53:19Z,"9 anos, 9 meses",14319,14.0 MB,android-pdfview,N/A
jprante/elasticsearch-jdbc,https://github.com/jprante/elasticsearch-jdbc,2824,Java,2012-06-02T23:17:56Z,"13 anos, 10 meses",2021-11-05T18:03:03Z,"4 anos, 5 meses",7823,7.6 MB,elasticsearch-jdbc,N/A
qunarcorp/qmq,https://github.com/qunarcorp/qmq,2824,Java,2018-12-07T05:47:46Z,"7 anos, 4 meses",2023-12-01T02:13:10Z,"2 anos, 4 meses",7260,7.1 MB,qmq,N/A
Twitter4J/Twitter4J,https://github.com/Twitter4J/Twitter4J,2810,Java,2009-04-24T15:25:00Z,"16 anos, 11 meses",2024-08-17T18:04:54Z,"1 anos, 7 meses",12395,12.1 MB,Twitter4J,N/A
sannies/mp4parser,https://github.com/sannies/mp4parser,2799,Java,2013-09-15T21:37:40Z,"12 anos, 6 meses",2024-08-15T22:50:11Z,"1 anos, 7 meses",53567,52.3 MB,mp4parser,N/A
cucumber/cucumber-jvm,https://github.com/cucumber/cucumber-jvm,2799,Java,2011-06-27T19:49:46Z,"14 anos, 9 meses",2026-04-09T03:11:00Z,1 dias,32055,31.3 MB,cucumber-jvm,N/A
welk1n/JNDI-Injection-Exploit,https://github.com/welk1n/JNDI-Injection-Exploit,2799,Java,2019-10-10T01:53:49Z,"6 anos, 6 meses",2023-03-22T21:23:32Z,"3 anos, 0 meses",364,364 KB,JNDI-Injection-Exploit,N/A
gcacace/android-signaturepad,https://github.com/gcacace/android-signaturepad,2789,Java,2014-03-20T12:54:22Z,"12 anos, 0 meses",2024-03-29T07:30:18Z,"2 anos, 0 meses",403,403 KB,android-signaturepad,N/A
brianway/webporter,https://github.com/brianway/webporter,2783,Java,2016-11-24T04:44:44Z,"9 anos, 4 meses",2022-01-08T13:14:10Z,"4 anos, 3 meses",131,131 KB,webporter,N/A
codedrinker/community,https://github.com/codedrinker/community,2781,Java,2019-04-23T15:11:24Z,"6 anos, 11 meses",2023-07-07T21:44:58Z,"2 anos, 9 meses",4671,4.6 MB,community,N/A
gzu-liyujiang/Android_CN_OAID,https://github.com/gzu-liyujiang/Android_CN_OAID,2778,Java,2020-05-29T21:47:28Z,"5 anos, 10 meses",2026-03-21T15:46:52Z,20 dias,15955,15.6 MB,Android_CN_OAID,N/A
drewnoakes/metadata-extractor,https://github.com/drewnoakes/metadata-extractor,2773,Java,2014-11-19T00:13:55Z,"11 anos, 4 meses",2026-04-08T13:07:24Z,2 dias,12790,12.5 MB,metadata-extractor,N/A
JakeWharton/scalpel,https://github.com/JakeWharton/scalpel,2764,Java,2014-01-06T17:26:01Z,"12 anos, 3 meses",2020-02-28T14:37:39Z,"6 anos, 1 meses",1064,1.0 MB,scalpel,N/A
vector4wang/spring-boot-quick,https://github.com/vector4wang/spring-boot-quick,2764,Java,2017-03-13T12:32:30Z,"9 anos, 1 meses",2026-03-09T10:01:29Z,"1 meses, 2 dias",5410,5.3 MB,spring-boot-quick,N/A
androidx/media,https://github.com/androidx/media,2764,Java,2021-09-02T18:42:10Z,"4 anos, 7 meses",2026-04-10T15:23:18Z,0 dias,771902,753.8 MB,media,N/A
MagicMashRoom/SuperCalendar,https://github.com/MagicMashRoom/SuperCalendar,2757,Java,2017-05-11T12:28:51Z,"8 anos, 11 meses",2020-05-31T14:10:21Z,"5 anos, 10 meses",2154,2.1 MB,SuperCalendar,N/A
reactor/reactor-netty,https://github.com/reactor/reactor-netty,2757,Java,2016-08-18T20:58:56Z,"9 anos, 7 meses",2026-04-08T02:14:16Z,2 dias,29439,28.7 MB,reactor-netty,N/A
xuchengsheng/wx-dump-4j,https://github.com/xuchengsheng/wx-dump-4j,2749,Java,2024-01-25T16:23:42Z,"2 anos, 2 meses",2025-03-24T07:45:51Z,"1 anos, 0 meses",6956,6.8 MB,wx-dump-4j,N/A
mouzt/mzt-biz-log,https://github.com/mouzt/mzt-biz-log,2748,Java,2020-07-26T14:24:16Z,"5 anos, 8 meses",2026-01-23T05:20:16Z,"2 meses, 17 dias",985,985 KB,mzt-biz-log,N/A
qaiu/netdisk-fast-download,https://github.com/qaiu/netdisk-fast-download,2744,Java,2023-04-20T09:41:34Z,"2 anos, 11 meses",2026-04-09T08:46:29Z,1 dias,3605,3.5 MB,netdisk-fast-download,N/A
chanjarster/weixin-java-tools,https://github.com/chanjarster/weixin-java-tools,2741,Java,2014-08-18T08:11:26Z,"11 anos, 7 meses",2018-01-15T09:51:09Z,"8 anos, 2 meses",1727,1.7 MB,weixin-java-tools,N/A
tdebatty/java-string-similarity,https://github.com/tdebatty/java-string-similarity,2742,Java,2014-04-17T12:10:57Z,"11 anos, 12 meses",2022-06-01T19:43:43Z,"3 anos, 10 meses",747,747 KB,java-string-similarity,N/A
spotify/dockerfile-maven,https://github.com/spotify/dockerfile-maven,2740,Java,2016-03-16T12:42:37Z,"10 anos, 0 meses",2022-02-01T13:43:18Z,"4 anos, 2 meses",257,257 KB,dockerfile-maven,N/A
Tencent/MSEC,https://github.com/Tencent/MSEC,2736,Java,2016-11-28T01:50:35Z,"9 anos, 4 meses",2019-10-24T03:48:10Z,"6 anos, 5 meses",40131,39.2 MB,MSEC,N/A
bucket4j/bucket4j,https://github.com/bucket4j/bucket4j,2736,Java,2014-10-12T14:19:18Z,"11 anos, 6 meses",2026-04-06T08:34:25Z,4 dias,31730,31.0 MB,bucket4j,N/A
Nightonke/WoWoViewPager,https://github.com/Nightonke/WoWoViewPager,2731,Java,2016-03-03T04:29:28Z,"10 anos, 1 meses",2017-04-06T14:07:25Z,"9 anos, 0 meses",55505,54.2 MB,WoWoViewPager,N/A
flavioarfaria/KenBurnsView,https://github.com/flavioarfaria/KenBurnsView,2728,Java,2014-03-19T03:10:02Z,"12 anos, 0 meses",2022-08-26T21:23:54Z,"3 anos, 7 meses",13502,13.2 MB,KenBurnsView,N/A
Hitomis/transferee,https://github.com/Hitomis/transferee,2726,Java,2017-01-19T05:49:30Z,"9 anos, 2 meses",2022-10-19T08:50:04Z,"3 anos, 5 meses",207358,202.5 MB,transferee,N/A
oguzbilgener/CircularFloatingActionMenu,https://github.com/oguzbilgener/CircularFloatingActionMenu,2724,Java,2014-07-20T20:42:12Z,"11 anos, 8 meses",2018-09-20T01:29:42Z,"7 anos, 6 meses",3127,3.1 MB,CircularFloatingActionMenu,N/A
aritraroy/PatternLockView,https://github.com/aritraroy/PatternLockView,2722,Java,2017-03-27T18:46:20Z,"9 anos, 0 meses",2022-03-03T15:17:44Z,"4 anos, 1 meses",1451,1.4 MB,PatternLockView,N/A
deano2390/MaterialShowcaseView,https://github.com/deano2390/MaterialShowcaseView,2717,Java,2015-08-05T14:47:59Z,"10 anos, 8 meses",2023-04-01T09:36:02Z,"3 anos, 0 meses",293,293 KB,MaterialShowcaseView,N/A
opensolon/solon,https://github.com/opensolon/solon,2714,Java,2018-07-07T13:23:50Z,"7 anos, 9 meses",2026-04-09T07:04:37Z,1 dias,78401,76.6 MB,solon,N/A
SunOfBeach2/CheckVersionLib,https://github.com/SunOfBeach2/CheckVersionLib,2711,Java,2016-09-23T04:47:25Z,"9 anos, 6 meses",2023-07-18T20:46:53Z,"2 anos, 8 meses",21773,21.3 MB,CheckVersionLib,N/A
Yalantis/GuillotineMenu-Android,https://github.com/Yalantis/GuillotineMenu-Android,2706,Java,2015-06-15T13:56:21Z,"10 anos, 10 meses",2022-09-22T09:55:47Z,"3 anos, 6 meses",3927,3.8 MB,GuillotineMenu-Android,N/A
spring-attic/spring-native,https://github.com/spring-attic/spring-native,2703,Java,2019-09-05T23:40:14Z,"6 anos, 7 meses",2023-02-23T09:44:25Z,"3 anos, 1 meses",11685,11.4 MB,spring-native,N/A
Kong/unirest-java,https://github.com/Kong/unirest-java,2701,Java,2011-04-11T21:19:53Z,"15 anos, 0 meses",2026-03-30T12:15:08Z,11 dias,3969,3.9 MB,unirest-java,N/A
500px/500px-android-blur,https://github.com/500px/500px-android-blur,2701,Java,2015-03-13T16:05:30Z,"11 anos, 1 meses",2020-04-20T19:19:50Z,"5 anos, 11 meses",17004,16.6 MB,500px-android-blur,N/A
glomadrian/Grav,https://github.com/glomadrian/Grav,2700,Java,2017-04-01T09:16:27Z,"9 anos, 0 meses",2017-08-25T09:26:23Z,"8 anos, 7 meses",33995,33.2 MB,Grav,N/A
threedr3am/learnjavabug,https://github.com/threedr3am/learnjavabug,2696,Java,2018-05-04T11:42:14Z,"7 anos, 11 meses",2024-03-14T15:05:53Z,"2 anos, 0 meses",8412,8.2 MB,learnjavabug,N/A
Naccl/NBlog,https://github.com/Naccl/NBlog,2690,Java,2020-07-18T12:33:00Z,"5 anos, 8 meses",2025-09-05T07:02:14Z,"7 meses, 7 dias",13542,13.2 MB,NBlog,N/A
pf4j/pf4j,https://github.com/pf4j/pf4j,2689,Java,2012-10-10T13:10:32Z,"13 anos, 6 meses",2026-01-28T12:34:33Z,"2 meses, 12 dias",1882,1.8 MB,pf4j,N/A
CJT2325/CameraView,https://github.com/CJT2325/CameraView,2685,Java,2017-02-08T10:48:42Z,"9 anos, 2 meses",2019-06-18T13:42:24Z,"6 anos, 9 meses",22429,21.9 MB,CameraView,N/A
google/copybara,https://github.com/google/copybara,2680,Java,2016-09-08T16:44:40Z,"9 anos, 7 meses",2026-04-09T17:34:07Z,0 dias,15287,14.9 MB,copybara,N/A
mongodb/mongo-java-driver,https://github.com/mongodb/mongo-java-driver,2655,Java,2009-01-15T15:16:29Z,"17 anos, 2 meses",2026-04-09T15:37:06Z,1 dias,144139,140.8 MB,mongo-java-driver,N/A
JetBrains/skija,https://github.com/JetBrains/skija,2653,Java,2020-04-06T17:25:23Z,"6 anos, 0 meses",2023-08-14T13:50:37Z,"2 anos, 8 meses",37488,36.6 MB,skija,N/A
spotify/docker-maven-plugin,https://github.com/spotify/docker-maven-plugin,2653,Java,2014-06-23T22:33:07Z,"11 anos, 9 meses",2021-09-14T14:31:28Z,"4 anos, 6 meses",803,803 KB,docker-maven-plugin,N/A
code-troopers/android-betterpickers,https://github.com/code-troopers/android-betterpickers,2648,Java,2013-03-21T01:45:18Z,"13 anos, 0 meses",2020-04-01T12:50:44Z,"6 anos, 0 meses",16810,16.4 MB,android-betterpickers,N/A
vdurmont/emoji-java,https://github.com/vdurmont/emoji-java,2648,Java,2014-09-21T16:58:57Z,"11 anos, 6 meses",2025-10-09T06:06:00Z,"6 meses, 3 dias",502,502 KB,emoji-java,N/A
vladmihalcea/hypersistence-utils,https://github.com/vladmihalcea/hypersistence-utils,2643,Java,2017-09-25T05:10:02Z,"8 anos, 6 meses",2026-02-09T14:13:49Z,"2 meses, 0 dias",2723,2.7 MB,hypersistence-utils,N/A
bingoogolapple/BGABadgeView-Android,https://github.com/bingoogolapple/BGABadgeView-Android,2643,Java,2015-07-07T04:13:57Z,"10 anos, 9 meses",2024-12-10T15:37:42Z,"1 anos, 4 meses",1354,1.3 MB,BGABadgeView-Android,N/A
hierynomus/sshj,https://github.com/hierynomus/sshj,2640,Java,2010-02-27T14:34:40Z,"16 anos, 1 meses",2026-02-17T12:53:56Z,"1 meses, 22 dias",8991,8.8 MB,sshj,N/A
devopshydclub/vprofile-project,https://github.com/devopshydclub/vprofile-project,2638,Java,2020-09-24T15:43:44Z,"5 anos, 6 meses",2025-02-15T06:50:08Z,"1 anos, 1 meses",114029,111.4 MB,vprofile-project,N/A
commonmark/commonmark-java,https://github.com/commonmark/commonmark-java,2636,Java,2015-07-22T01:08:55Z,"10 anos, 8 meses",2026-04-10T05:54:21Z,0 dias,2515,2.5 MB,commonmark-java,N/A
bcgit/bc-java,https://github.com/bcgit/bc-java,2635,Java,2013-06-01T02:38:42Z,"12 anos, 10 meses",2026-04-06T07:16:38Z,4 dias,653243,637.9 MB,bc-java,N/A
Todd-Davies/ProgressWheel,https://github.com/Todd-Davies/ProgressWheel,2632,Java,2012-02-04T18:13:30Z,"14 anos, 2 meses",2019-11-02T16:26:54Z,"6 anos, 5 meses",384,384 KB,ProgressWheel,N/A
eclipsesource/J2V8,https://github.com/eclipsesource/J2V8,2631,Java,2014-08-03T17:29:54Z,"11 anos, 8 meses",2025-11-14T04:52:55Z,"4 meses, 27 dias",5004,4.9 MB,J2V8,N/A
apache/casbin-jcasbin,https://github.com/apache/casbin-jcasbin,2630,Java,2017-09-08T16:54:38Z,"8 anos, 7 meses",2026-02-12T17:13:26Z,"1 meses, 27 dias",928,928 KB,casbin-jcasbin,N/A
VerbalExpressions/JavaVerbalExpressions,https://github.com/VerbalExpressions/JavaVerbalExpressions,2626,Java,2013-07-25T16:15:26Z,"12 anos, 8 meses",2026-04-01T14:40:44Z,9 dias,175,175 KB,JavaVerbalExpressions,N/A
Jay-Goo/RangeSeekBar,https://github.com/Jay-Goo/RangeSeekBar,2626,Java,2017-02-08T07:40:56Z,"9 anos, 2 meses",2024-04-18T06:26:15Z,"1 anos, 11 meses",9265,9.0 MB,RangeSeekBar,N/A
square/keywhiz,https://github.com/square/keywhiz,2625,Java,2015-03-25T13:31:39Z,"11 anos, 0 meses",2023-09-18T18:01:03Z,"2 anos, 6 meses",5957,5.8 MB,keywhiz,N/A
eclipse-collections/eclipse-collections,https://github.com/eclipse-collections/eclipse-collections,2623,Java,2015-11-24T16:22:48Z,"10 anos, 4 meses",2026-04-09T03:45:43Z,1 dias,19799,19.3 MB,eclipse-collections,N/A
chennaione/sugar,https://github.com/chennaione/sugar,2616,Java,2011-08-12T13:44:41Z,"14 anos, 8 meses",2021-09-02T12:51:46Z,"4 anos, 7 meses",9679,9.5 MB,sugar,N/A
pchmn/MaterialChipsInput,https://github.com/pchmn/MaterialChipsInput,2615,Java,2017-04-13T22:55:48Z,"8 anos, 12 meses",2024-01-19T10:31:53Z,"2 anos, 2 meses",49285,48.1 MB,MaterialChipsInput,N/A
openjdk/jmh,https://github.com/openjdk/jmh,2608,Java,2019-05-15T06:47:19Z,"6 anos, 11 meses",2026-03-30T14:40:53Z,11 dias,4195,4.1 MB,jmh,N/A
opentripplanner/OpenTripPlanner,https://github.com/opentripplanner/OpenTripPlanner,2604,Java,2011-07-18T16:15:38Z,"14 anos, 9 meses",2026-04-10T13:08:13Z,0 dias,223368,218.1 MB,OpenTripPlanner,N/A
vsch/flexmark-java,https://github.com/vsch/flexmark-java,2603,Java,2016-01-23T15:29:29Z,"10 anos, 2 meses",2025-04-16T19:07:12Z,"11 meses, 28 dias",155879,152.2 MB,flexmark-java,N/A
mybatis-flex/mybatis-flex,https://github.com/mybatis-flex/mybatis-flex,2588,Java,2023-02-27T03:14:05Z,"3 anos, 1 meses",2026-02-03T03:53:45Z,"2 meses, 6 dias",14600,14.3 MB,mybatis-flex,N/A
facebookarchive/device-year-class,https://github.com/facebookarchive/device-year-class,2586,Java,2015-03-06T20:06:07Z,"11 anos, 1 meses",2020-02-28T22:16:43Z,"6 anos, 1 meses",542,542 KB,device-year-class,N/A
HotswapProjects/HotswapAgent,https://github.com/HotswapProjects/HotswapAgent,2586,Java,2013-11-20T16:15:13Z,"12 anos, 4 meses",2026-02-15T09:30:21Z,"1 meses, 24 dias",6342,6.2 MB,HotswapAgent,N/A
SimonVT/android-menudrawer,https://github.com/SimonVT/android-menudrawer,2579,Java,2012-09-01T13:34:04Z,"13 anos, 7 meses",2014-06-30T15:29:28Z,"11 anos, 9 meses",5057,4.9 MB,android-menudrawer,N/A
marytts/marytts,https://github.com/marytts/marytts,2576,Java,2011-12-20T16:44:48Z,"14 anos, 3 meses",2025-01-17T18:26:22Z,"1 anos, 2 meses",149964,146.4 MB,marytts,N/A
nanchen2251/CompressHelper,https://github.com/nanchen2251/CompressHelper,2574,Java,2017-03-16T07:20:08Z,"9 anos, 0 meses",2019-03-06T03:56:50Z,"7 anos, 1 meses",1159,1.1 MB,CompressHelper,N/A
Azoft/CarouselLayoutManager,https://github.com/Azoft/CarouselLayoutManager,2573,Java,2016-03-30T09:57:49Z,"10 anos, 0 meses",2021-06-02T04:16:14Z,"4 anos, 10 meses",10924,10.7 MB,CarouselLayoutManager,N/A
aws/aws-sdk-java-v2,https://github.com/aws/aws-sdk-java-v2,2565,Java,2017-06-23T18:56:01Z,"8 anos, 9 meses",2026-04-10T17:11:14Z,0 dias,774962,756.8 MB,aws-sdk-java-v2,N/A
apache/logging-flume,https://github.com/apache/logging-flume,2561,Java,2011-08-12T18:20:14Z,"14 anos, 8 meses",2024-10-10T11:41:45Z,"1 anos, 6 meses",45138,44.1 MB,logging-flume,N/A
mabe02/lanterna,https://github.com/mabe02/lanterna,2560,Java,2015-06-29T06:06:29Z,"10 anos, 9 meses",2026-03-15T09:29:20Z,26 dias,13120,12.8 MB,lanterna,N/A
Azure/azure-sdk-for-java,https://github.com/Azure/azure-sdk-for-java,2560,Java,2011-12-06T23:33:56Z,"14 anos, 4 meses",2026-04-10T17:23:45Z,0 dias,3327246,3.2 GB,azure-sdk-for-java,N/A
patrickfav/uber-apk-signer,https://github.com/patrickfav/uber-apk-signer,2559,Java,2016-10-10T18:56:44Z,"9 anos, 6 meses",2023-10-30T09:18:40Z,"2 anos, 5 meses",7943,7.8 MB,uber-apk-signer,N/A
Ramotion/paper-onboarding-android,https://github.com/Ramotion/paper-onboarding-android,2547,Java,2016-04-25T09:31:20Z,"9 anos, 11 meses",2022-08-25T18:17:20Z,"3 anos, 7 meses",13319,13.0 MB,paper-onboarding-android,N/A
nutzam/nutz,https://github.com/nutzam/nutz,2545,Java,2011-06-10T01:25:43Z,"14 anos, 10 meses",2025-10-28T09:08:49Z,"5 meses, 14 dias",44527,43.5 MB,nutz,N/A
Antabot/White-Jotter,https://github.com/Antabot/White-Jotter,2539,Java,2019-03-09T03:06:40Z,"7 anos, 1 meses",2022-12-10T12:47:56Z,"3 anos, 4 meses",228727,223.4 MB,White-Jotter,N/A
google/jimfs,https://github.com/google/jimfs,2538,Java,2013-10-21T14:39:27Z,"12 anos, 5 meses",2026-04-09T21:00:19Z,0 dias,7227,7.1 MB,jimfs,N/A
mcxtzhang/ZLayoutManager,https://github.com/mcxtzhang/ZLayoutManager,2538,Java,2016-10-27T07:12:49Z,"9 anos, 5 meses",2023-05-31T16:08:31Z,"2 anos, 10 meses",21007,20.5 MB,ZLayoutManager,N/A
pushtorefresh/storio,https://github.com/pushtorefresh/storio,2535,Java,2014-08-30T23:23:41Z,"11 anos, 7 meses",2023-09-16T09:28:58Z,"2 anos, 6 meses",4427,4.3 MB,storio,N/A
open-keychain/open-keychain,https://github.com/open-keychain/open-keychain,2531,Java,2012-03-09T09:10:42Z,"14 anos, 1 meses",2024-05-16T07:37:24Z,"1 anos, 10 meses",81063,79.2 MB,open-keychain,N/A
nelenkov/android-backup-extractor,https://github.com/nelenkov/android-backup-extractor,2531,Java,2012-06-08T13:33:46Z,"13 anos, 10 meses",2026-03-25T01:33:54Z,16 dias,523,523 KB,android-backup-extractor,N/A
pwittchen/ReactiveNetwork,https://github.com/pwittchen/ReactiveNetwork,2529,Java,2015-08-10T16:06:58Z,"10 anos, 8 meses",2025-01-06T11:09:52Z,"1 anos, 3 meses",1706,1.7 MB,ReactiveNetwork,N/A
geekidea/spring-boot-plus,https://github.com/geekidea/spring-boot-plus,2524,Java,2019-06-20T08:06:08Z,"6 anos, 9 meses",2025-07-12T01:27:54Z,"9 meses, 2 dias",8477,8.3 MB,spring-boot-plus,N/A
logfellow/logstash-logback-encoder,https://github.com/logfellow/logstash-logback-encoder,2524,Java,2013-03-04T16:19:08Z,"13 anos, 1 meses",2026-03-03T23:23:21Z,"1 meses, 7 dias",3834,3.7 MB,logstash-logback-encoder,N/A
Swagger2Markup/swagger2markup,https://github.com/Swagger2Markup/swagger2markup,2517,Java,2015-02-11T11:09:32Z,"11 anos, 2 meses",2022-04-26T07:22:59Z,"3 anos, 11 meses",5303,5.2 MB,swagger2markup,N/A
xtuhcy/gecco,https://github.com/xtuhcy/gecco,2515,Java,2015-12-12T12:41:00Z,"10 anos, 4 meses",2026-01-23T12:09:19Z,"2 meses, 17 dias",1016,1016 KB,gecco,N/A
deeplearning4j/deeplearning4j-examples,https://github.com/deeplearning4j/deeplearning4j-examples,2512,Java,2015-08-24T15:17:43Z,"10 anos, 7 meses",2025-11-18T03:45:21Z,"4 meses, 23 dias",355469,347.1 MB,deeplearning4j-examples,N/A
javaee-samples/javaee7-samples,https://github.com/javaee-samples/javaee7-samples,2510,Java,2013-08-27T18:47:51Z,"12 anos, 7 meses",2022-09-01T22:46:28Z,"3 anos, 7 meses",4333,4.2 MB,javaee7-samples,N/A
liyiorg/weixin-popular,https://github.com/liyiorg/weixin-popular,2501,Java,2014-04-22T07:22:27Z,"11 anos, 11 meses",2022-10-25T07:17:53Z,"3 anos, 5 meses",1603,1.6 MB,weixin-popular,N/A
firebase/firebase-android-sdk,https://github.com/firebase/firebase-android-sdk,2500,Java,2018-08-31T20:50:43Z,"7 anos, 7 meses",2026-04-10T17:19:03Z,0 dias,119028,116.2 MB,firebase-android-sdk,N/A
sepinf-inc/IPED,https://github.com/sepinf-inc/IPED,2500,Java,2015-06-12T11:26:40Z,"10 anos, 10 meses",2026-04-09T21:26:09Z,0 dias,246001,240.2 MB,IPED,N/A
qos-ch/slf4j,https://github.com/qos-ch/slf4j,2494,Java,2009-08-20T16:25:49Z,"16 anos, 7 meses",2025-12-16T20:27:40Z,"3 meses, 24 dias",12304,12.0 MB,slf4j,N/A
leibnitz27/cfr,https://github.com/leibnitz27/cfr,2488,Java,2014-05-12T16:39:42Z,"11 anos, 11 meses",2026-04-05T12:22:27Z,5 dias,5459,5.3 MB,cfr,N/A
sonatype/nexus-public,https://github.com/sonatype/nexus-public,2477,Java,2015-07-31T23:42:41Z,"10 anos, 8 meses",2026-04-08T18:55:51Z,1 dias,173136,169.1 MB,nexus-public,N/A
nico2sh/materialish-progress,https://github.com/nico2sh/materialish-progress,2477,Java,2014-11-15T14:32:25Z,"11 anos, 4 meses",2026-04-02T06:20:00Z,8 dias,1018,1018 KB,materialish-progress,N/A
exchange-core/exchange-core,https://github.com/exchange-core/exchange-core,2472,Java,2018-08-05T18:25:16Z,"7 anos, 8 meses",2023-10-08T18:06:59Z,"2 anos, 6 meses",1612,1.6 MB,exchange-core,N/A
jdsjlzx/LRecyclerView,https://github.com/jdsjlzx/LRecyclerView,2468,Java,2016-05-19T10:12:08Z,"9 anos, 10 meses",2019-06-27T02:37:21Z,"6 anos, 9 meses",38365,37.5 MB,LRecyclerView,N/A
atomashpolskiy/bt,https://github.com/atomashpolskiy/bt,2468,Java,2016-05-15T19:56:23Z,"9 anos, 11 meses",2026-02-21T22:44:33Z,"1 meses, 17 dias",89395,87.3 MB,bt,N/A
2dxgujun/AndroidTagGroup,https://github.com/2dxgujun/AndroidTagGroup,2464,Java,2015-02-10T07:42:57Z,"11 anos, 2 meses",2021-11-04T08:47:55Z,"4 anos, 5 meses",812,812 KB,AndroidTagGroup,N/A
JakeWharton/RxRelay,https://github.com/JakeWharton/RxRelay,2464,Java,2015-12-29T05:33:22Z,"10 anos, 3 meses",2026-03-31T13:39:27Z,10 dias,391,391 KB,RxRelay,N/A
litao0621/NiftyDialogEffects,https://github.com/litao0621/NiftyDialogEffects,2462,Java,2014-07-31T08:31:54Z,"11 anos, 8 meses",2020-04-23T16:15:56Z,"5 anos, 11 meses",343,343 KB,NiftyDialogEffects,N/A
square/tape,https://github.com/square/tape,2462,Java,2012-09-10T06:18:49Z,"13 anos, 7 meses",2023-03-18T23:20:25Z,"3 anos, 0 meses",874,874 KB,tape,N/A
spring-projects/spring-kafka,https://github.com/spring-projects/spring-kafka,2459,Java,2016-03-02T17:01:33Z,"10 anos, 1 meses",2026-04-10T14:11:58Z,0 dias,16602,16.2 MB,spring-kafka,N/A
daimajia/AnimationEasingFunctions,https://github.com/daimajia/AnimationEasingFunctions,2457,Java,2014-06-29T07:02:38Z,"11 anos, 9 meses",2020-08-24T03:29:49Z,"5 anos, 7 meses",147,147 KB,AnimationEasingFunctions,N/A
huanzi-qch/base-admin,https://github.com/huanzi-qch/base-admin,2455,Java,2019-09-17T07:46:16Z,"6 anos, 6 meses",2026-03-17T08:31:54Z,24 dias,3319,3.2 MB,base-admin,N/A
Bukkit/Bukkit,https://github.com/Bukkit/Bukkit,2456,Java,2011-01-02T23:47:25Z,"15 anos, 3 meses",2023-12-17T05:19:57Z,"2 anos, 3 meses",19858,19.4 MB,Bukkit,N/A
SummerSec/ShiroAttack2,https://github.com/SummerSec/ShiroAttack2,2450,Java,2021-06-13T03:44:13Z,"4 anos, 10 meses",2026-03-28T14:40:50Z,13 dias,218157,213.0 MB,ShiroAttack2,N/A
zeromq/jeromq,https://github.com/zeromq/jeromq,2444,Java,2012-08-01T09:28:37Z,"13 anos, 8 meses",2025-11-30T13:59:58Z,"4 meses, 11 dias",4023,3.9 MB,jeromq,N/A
moquette-io/moquette,https://github.com/moquette-io/moquette,2441,Java,2014-09-30T20:14:41Z,"11 anos, 6 meses",2026-03-28T10:19:30Z,13 dias,6334,6.2 MB,moquette,N/A
iammert/MaterialIntroView,https://github.com/iammert/MaterialIntroView,2427,Java,2016-01-30T13:08:17Z,"10 anos, 2 meses",2021-08-18T06:09:16Z,"4 anos, 7 meses",3102,3.0 MB,MaterialIntroView,N/A
confluentinc/schema-registry,https://github.com/confluentinc/schema-registry,2423,Java,2014-12-09T22:38:11Z,"11 anos, 4 meses",2026-04-10T17:23:12Z,0 dias,221081,215.9 MB,schema-registry,N/A
apache/activemq,https://github.com/apache/activemq,2422,Java,2009-05-21T01:33:45Z,"16 anos, 10 meses",2026-04-10T17:24:06Z,0 dias,70294,68.6 MB,activemq,N/A
DSAppTeam/PanelSwitchHelper,https://github.com/DSAppTeam/PanelSwitchHelper,2422,Java,2018-07-09T09:33:37Z,"7 anos, 9 meses",2025-08-04T04:03:40Z,"8 meses, 9 dias",118702,115.9 MB,PanelSwitchHelper,N/A
igniterealtime/Smack,https://github.com/igniterealtime/Smack,2416,Java,2014-02-03T11:36:51Z,"12 anos, 2 meses",2026-02-23T20:20:17Z,"1 meses, 15 dias",35727,34.9 MB,Smack,N/A
xuexiangjys/XUpdate,https://github.com/xuexiangjys/XUpdate,2417,Java,2018-06-29T13:39:08Z,"7 anos, 9 meses",2024-03-24T15:31:33Z,"2 anos, 0 meses",41645,40.7 MB,XUpdate,N/A
Rajawali/Rajawali,https://github.com/Rajawali/Rajawali,2415,Java,2011-07-07T10:29:45Z,"14 anos, 9 meses",2023-04-13T21:01:47Z,"2 anos, 12 meses",84677,82.7 MB,Rajawali,N/A
EhsanTang/ApiManager,https://github.com/EhsanTang/ApiManager,2415,Java,2016-03-29T02:50:04Z,"10 anos, 0 meses",2024-03-29T05:39:27Z,"2 anos, 0 meses",20269,19.8 MB,ApiManager,N/A
bytedance/scene,https://github.com/bytedance/scene,2415,Java,2019-10-09T03:32:13Z,"6 anos, 6 meses",2026-04-07T10:34:08Z,3 dias,7879,7.7 MB,scene,N/A
ozodrukh/CircularReveal,https://github.com/ozodrukh/CircularReveal,2409,Java,2014-11-18T11:59:59Z,"11 anos, 4 meses",2019-04-07T19:32:24Z,"7 anos, 0 meses",1338,1.3 MB,CircularReveal,N/A
delight-im/Android-AdvancedWebView,https://github.com/delight-im/Android-AdvancedWebView,2408,Java,2015-01-08T01:33:59Z,"11 anos, 3 meses",2021-04-02T13:32:20Z,"5 anos, 0 meses",438,438 KB,Android-AdvancedWebView,N/A
openzipkin/brave,https://github.com/openzipkin/brave,2403,Java,2013-04-07T15:48:18Z,"13 anos, 0 meses",2026-03-25T19:20:55Z,15 dias,32391,31.6 MB,brave,N/A
ta4j/ta4j,https://github.com/ta4j/ta4j,2403,Java,2017-09-14T17:14:32Z,"8 anos, 7 meses",2026-04-09T14:55:52Z,1 dias,16860,16.5 MB,ta4j,N/A
path/android-priority-jobqueue,https://github.com/path/android-priority-jobqueue,2400,Java,2013-04-09T08:43:00Z,"13 anos, 0 meses",2022-02-24T12:15:03Z,"4 anos, 1 meses",13597,13.3 MB,android-priority-jobqueue,N/A
cachapa/ExpandableLayout,https://github.com/cachapa/ExpandableLayout,2400,Java,2016-05-07T18:31:33Z,"9 anos, 11 meses",2021-02-08T13:56:05Z,"5 anos, 2 meses",3828,3.7 MB,ExpandableLayout,N/A
rsocket/rsocket-java,https://github.com/rsocket/rsocket-java,2395,Java,2015-07-08T04:36:42Z,"10 anos, 9 meses",2025-02-10T08:21:56Z,"1 anos, 1 meses",6288,6.1 MB,rsocket-java,N/A
open-telemetry/opentelemetry-java,https://github.com/open-telemetry/opentelemetry-java,2385,Java,2019-02-26T16:43:36Z,"7 anos, 1 meses",2026-04-10T15:11:18Z,0 dias,31070,30.3 MB,opentelemetry-java,N/A
apache/dubbo-samples,https://github.com/apache/dubbo-samples,2378,Java,2018-04-28T09:25:29Z,"7 anos, 11 meses",2026-04-08T10:00:44Z,2 dias,27096,26.5 MB,dubbo-samples,N/A
AnyChart/AnyChart-Android,https://github.com/AnyChart/AnyChart-Android,2371,Java,2017-08-09T06:48:26Z,"8 anos, 8 meses",2026-03-13T06:55:37Z,28 dias,53999,52.7 MB,AnyChart-Android,N/A
elevenetc/TextSurface,https://github.com/elevenetc/TextSurface,2364,Java,2015-10-13T00:21:46Z,"10 anos, 6 meses",2021-02-17T01:52:27Z,"5 anos, 1 meses",2418,2.4 MB,TextSurface,N/A
apache/geode,https://github.com/apache/geode,2358,Java,2015-04-30T07:00:05Z,"10 anos, 11 meses",2026-04-09T21:44:22Z,0 dias,226964,221.6 MB,geode,N/A
FasterXML/jackson-core,https://github.com/FasterXML/jackson-core,2357,Java,2011-12-23T02:00:51Z,"14 anos, 3 meses",2026-04-07T01:16:07Z,3 dias,27620,27.0 MB,jackson-core,N/A
didi/tinyid,https://github.com/didi/tinyid,2357,Java,2018-09-26T06:34:57Z,"7 anos, 6 meses",2022-06-21T00:47:59Z,"3 anos, 9 meses",306,306 KB,tinyid,N/A
VictorAlbertos/RxCache,https://github.com/VictorAlbertos/RxCache,2356,Java,2016-01-10T23:49:22Z,"10 anos, 3 meses",2020-08-09T13:34:50Z,"5 anos, 8 meses",6781,6.6 MB,RxCache,N/A
nordicsemi/Android-BLE-Library,https://github.com/nordicsemi/Android-BLE-Library,2353,Java,2017-12-18T14:17:43Z,"8 anos, 3 meses",2026-02-05T09:43:30Z,"2 meses, 4 dias",3124,3.1 MB,Android-BLE-Library,N/A
plutext/docx4j,https://github.com/plutext/docx4j,2351,Java,2012-05-11T22:13:30Z,"13 anos, 11 meses",2026-04-07T06:58:42Z,3 dias,165728,161.8 MB,docx4j,N/A
gitblit-org/gitblit,https://github.com/gitblit-org/gitblit,2350,Java,2011-06-22T19:54:49Z,"14 anos, 9 meses",2025-06-14T17:22:23Z,"10 meses, 0 dias",23717,23.2 MB,gitblit,N/A
pilgr/Paper,https://github.com/pilgr/Paper,2349,Java,2015-06-11T20:55:15Z,"10 anos, 10 meses",2023-01-06T22:00:05Z,"3 anos, 3 meses",386,386 KB,Paper,N/A
bytedance/AlphaPlayer,https://github.com/bytedance/AlphaPlayer,2348,Java,2020-08-06T09:39:14Z,"5 anos, 8 meses",2023-04-13T08:02:32Z,"2 anos, 12 meses",14444,14.1 MB,AlphaPlayer,N/A
sarxos/webcam-capture,https://github.com/sarxos/webcam-capture,2346,Java,2012-05-25T20:26:28Z,"13 anos, 10 meses",2025-11-08T18:52:08Z,"5 meses, 2 dias",23947,23.4 MB,webcam-capture,N/A
Ramotion/cardslider-android,https://github.com/Ramotion/cardslider-android,2346,Java,2017-05-04T07:35:28Z,"8 anos, 11 meses",2020-12-27T15:29:05Z,"5 anos, 3 meses",12599,12.3 MB,cardslider-android,N/A
PurpurMC/Purpur,https://github.com/PurpurMC/Purpur,2345,Java,2019-04-30T16:59:51Z,"6 anos, 11 meses",2026-04-08T01:01:40Z,2 dias,27725,27.1 MB,Purpur,N/A
kongzue/DialogX,https://github.com/kongzue/DialogX,2340,Java,2020-09-26T07:51:26Z,"5 anos, 6 meses",2026-04-05T17:31:02Z,4 dias,142174,138.8 MB,DialogX,N/A
iflytek/skillhub,https://github.com/iflytek/skillhub,2318,Java,2026-03-11T12:17:05Z,"1 meses, 0 dias",2026-04-10T09:08:07Z,0 dias,10985,10.7 MB,skillhub,N/A
apache/sedona,https://github.com/apache/sedona,2317,Java,2015-04-24T18:01:29Z,"10 anos, 11 meses",2026-04-10T03:25:36Z,0 dias,1821958,1.7 GB,sedona,N/A
Frank-Zhu/PullZoomView,https://github.com/Frank-Zhu/PullZoomView,2309,Java,2014-09-04T11:48:46Z,"11 anos, 7 meses",2024-04-19T07:17:53Z,"1 anos, 11 meses",22742,22.2 MB,PullZoomView,N/A
jenkinsci/kubernetes-plugin,https://github.com/jenkinsci/kubernetes-plugin,2308,Java,2015-02-16T09:02:22Z,"11 anos, 1 meses",2026-04-06T16:17:24Z,4 dias,8292,8.1 MB,kubernetes-plugin,N/A
bingoogolapple/BGASwipeBackLayout-Android,https://github.com/bingoogolapple/BGASwipeBackLayout-Android,2307,Java,2016-12-27T09:06:24Z,"9 anos, 3 meses",2024-12-10T15:50:12Z,"1 anos, 4 meses",621,621 KB,BGASwipeBackLayout-Android,N/A
vipshop/Saturn,https://github.com/vipshop/Saturn,2303,Java,2016-11-30T08:06:30Z,"9 anos, 4 meses",2025-11-12T10:34:10Z,"4 meses, 29 dias",31740,31.0 MB,Saturn,N/A
pinguo-zhouwei/MZBannerView,https://github.com/pinguo-zhouwei/MZBannerView,2302,Java,2017-05-31T09:45:03Z,"8 anos, 10 meses",2018-06-10T08:11:45Z,"7 anos, 10 meses",44226,43.2 MB,MZBannerView,N/A
lamster2018/EasyProtector,https://github.com/lamster2018/EasyProtector,2291,Java,2018-05-14T13:33:42Z,"7 anos, 11 meses",2023-08-31T06:30:08Z,"2 anos, 7 meses",1050,1.0 MB,EasyProtector,N/A
eclipse-jdtls/eclipse.jdt.ls,https://github.com/eclipse-jdtls/eclipse.jdt.ls,2290,Java,2016-06-27T13:06:53Z,"9 anos, 9 meses",2026-04-10T15:19:53Z,0 dias,21060,20.6 MB,eclipse.jdt.ls,N/A
amaembo/streamex,https://github.com/amaembo/streamex,2282,Java,2015-04-10T17:02:32Z,"11 anos, 0 meses",2025-08-30T10:58:34Z,"7 meses, 13 dias",4888,4.8 MB,streamex,N/A
Prototik/HoloEverywhere,https://github.com/Prototik/HoloEverywhere,2280,Java,2012-03-05T12:37:20Z,"14 anos, 1 meses",2017-07-04T22:36:12Z,"8 anos, 9 meses",25505,24.9 MB,HoloEverywhere,N/A
eclipse-paho/paho.mqtt.java,https://github.com/eclipse-paho/paho.mqtt.java,2280,Java,2015-12-16T19:13:48Z,"10 anos, 3 meses",2024-08-14T05:58:05Z,"1 anos, 7 meses",6193,6.0 MB,paho.mqtt.java,N/A
GCX-HCI/tray,https://github.com/GCX-HCI/tray,2276,Java,2015-02-05T13:39:50Z,"11 anos, 2 meses",2021-03-16T13:37:45Z,"5 anos, 0 meses",708,708 KB,tray,N/A
shyiko/mysql-binlog-connector-java,https://github.com/shyiko/mysql-binlog-connector-java,2274,Java,2013-07-11T15:05:22Z,"12 anos, 9 meses",2023-04-15T13:27:03Z,"2 anos, 12 meses",1405,1.4 MB,mysql-binlog-connector-java,N/A
shimh-develop/blog-vue-springboot,https://github.com/shimh-develop/blog-vue-springboot,2273,Java,2018-01-03T07:14:58Z,"8 anos, 3 meses",2023-12-16T17:31:03Z,"2 anos, 3 meses",16658,16.3 MB,blog-vue-springboot,N/A
apache/rocketmq-spring,https://github.com/apache/rocketmq-spring,2272,Java,2018-10-15T06:07:53Z,"7 anos, 5 meses",2026-04-03T03:12:56Z,7 dias,732,732 KB,rocketmq-spring,N/A
spring-projects/spring-retry,https://github.com/spring-projects/spring-retry,2270,Java,2010-12-21T16:41:48Z,"15 anos, 3 meses",2026-01-27T16:02:55Z,"2 meses, 13 dias",1330,1.3 MB,spring-retry,N/A
addthis/stream-lib,https://github.com/addthis/stream-lib,2266,Java,2011-03-15T18:41:27Z,"15 anos, 0 meses",2019-11-28T12:37:37Z,"6 anos, 4 meses",1985,1.9 MB,stream-lib,N/A
apache/gobblin,https://github.com/apache/gobblin,2263,Java,2014-12-01T18:10:50Z,"11 anos, 4 meses",2026-04-09T09:22:23Z,1 dias,133971,130.8 MB,gobblin,N/A
LogNet/grpc-spring-boot-starter,https://github.com/LogNet/grpc-spring-boot-starter,2262,Java,2016-01-28T09:39:21Z,"10 anos, 2 meses",2025-11-13T09:06:50Z,"4 meses, 28 dias",17137,16.7 MB,grpc-spring-boot-starter,N/A
Y4tacker/JavaSec,https://github.com/Y4tacker/JavaSec,2263,Java,2021-10-18T01:21:11Z,"4 anos, 5 meses",2026-03-25T14:40:56Z,16 dias,291874,285.0 MB,JavaSec,N/A
hekailiang/squirrel,https://github.com/hekailiang/squirrel,2253,Java,2013-03-31T02:24:18Z,"13 anos, 0 meses",2024-06-04T09:56:25Z,"1 anos, 10 meses",3151,3.1 MB,squirrel,N/A
bz51/SpringBoot-Dubbo-Docker-Jenkins,https://github.com/bz51/SpringBoot-Dubbo-Docker-Jenkins,2247,Java,2018-01-18T01:38:08Z,"8 anos, 2 meses",2022-11-16T03:27:54Z,"3 anos, 4 meses",457,457 KB,SpringBoot-Dubbo-Docker-Jenkins,N/A
bingoogolapple/BGAPhotoPicker-Android,https://github.com/bingoogolapple/BGAPhotoPicker-Android,2245,Java,2016-06-24T04:05:29Z,"9 anos, 9 meses",2024-12-10T17:05:33Z,"1 anos, 4 meses",566,566 KB,BGAPhotoPicker-Android,N/A
subhra74/snowflake,https://github.com/subhra74/snowflake,2240,Java,2019-08-29T18:20:52Z,"6 anos, 7 meses",2024-05-04T08:59:29Z,"1 anos, 11 meses",2853,2.8 MB,snowflake,N/A
jianjunxiao/NiceVieoPlayer,https://github.com/jianjunxiao/NiceVieoPlayer,2233,Java,2017-05-22T07:56:37Z,"8 anos, 10 meses",2024-06-29T01:20:19Z,"1 anos, 9 meses",17826,17.4 MB,NiceVieoPlayer,N/A
itext/itext-java,https://github.com/itext/itext-java,2230,Java,2016-05-03T07:45:39Z,"9 anos, 11 meses",2026-04-10T10:42:48Z,0 dias,740477,723.1 MB,itext-java,N/A
864381832/xJavaFxTool,https://github.com/864381832/xJavaFxTool,2228,Java,2017-08-27T04:38:06Z,"8 anos, 7 meses",2025-11-24T12:22:53Z,"4 meses, 17 dias",319139,311.7 MB,xJavaFxTool,N/A
gaul/s3proxy,https://github.com/gaul/s3proxy,2224,Java,2014-07-27T20:32:24Z,"11 anos, 8 meses",2026-04-09T17:17:41Z,1 dias,2126,2.1 MB,s3proxy,N/A
EssentialsX/Essentials,https://github.com/EssentialsX/Essentials,2223,Java,2015-04-15T01:20:08Z,"10 anos, 12 meses",2026-04-10T16:02:40Z,0 dias,409836,400.2 MB,Essentials,N/A
xiaohaibin/XBanner,https://github.com/xiaohaibin/XBanner,2220,Java,2016-09-13T08:26:29Z,"9 anos, 7 meses",2024-06-28T14:51:44Z,"1 anos, 9 meses",49290,48.1 MB,XBanner,N/A
Devlight/NavigationTabStrip,https://github.com/Devlight/NavigationTabStrip,2218,Java,2016-05-15T16:17:24Z,"9 anos, 11 meses",2020-10-02T08:51:23Z,"5 anos, 6 meses",226,226 KB,NavigationTabStrip,N/A
Yalantis/Euclid,https://github.com/Yalantis/Euclid,2218,Java,2015-03-13T10:02:11Z,"11 anos, 1 meses",2022-09-22T09:09:56Z,"3 anos, 6 meses",593,593 KB,Euclid,N/A
hamcrest/JavaHamcrest,https://github.com/hamcrest/JavaHamcrest,2215,Java,2012-04-01T19:38:04Z,"14 anos, 0 meses",2025-02-24T12:15:06Z,"1 anos, 1 meses",20153,19.7 MB,JavaHamcrest,N/A
flyingsaucerproject/flyingsaucer,https://github.com/flyingsaucerproject/flyingsaucer,2215,Java,2010-04-19T23:26:11Z,"15 anos, 11 meses",2026-04-08T00:25:15Z,2 dias,65390,63.9 MB,flyingsaucer,N/A
srikanth-lingala/zip4j,https://github.com/srikanth-lingala/zip4j,2213,Java,2019-05-04T11:39:50Z,"6 anos, 11 meses",2026-03-11T10:14:04Z,"1 meses, 0 dias",5314,5.2 MB,zip4j,N/A
moshowgame/SpringBootCodeGenerator,https://github.com/moshowgame/SpringBootCodeGenerator,2212,Java,2018-08-31T03:51:35Z,"7 anos, 7 meses",2025-12-07T14:36:56Z,"4 meses, 4 dias",10552,10.3 MB,SpringBootCodeGenerator,N/A
ainilili/ratel,https://github.com/ainilili/ratel,2205,Java,2018-10-16T12:00:52Z,"7 anos, 5 meses",2026-01-17T13:33:07Z,"2 meses, 23 dias",5745,5.6 MB,ratel,N/A
locationtech/jts,https://github.com/locationtech/jts,2201,Java,2016-01-25T18:08:41Z,"10 anos, 2 meses",2026-03-06T01:53:09Z,"1 meses, 5 dias",44231,43.2 MB,jts,N/A
soarcn/BottomSheet,https://github.com/soarcn/BottomSheet,2200,Java,2014-09-22T08:14:19Z,"11 anos, 6 meses",2020-12-30T13:04:03Z,"5 anos, 3 meses",777,777 KB,BottomSheet,N/A
ethereum/ethereumj,https://github.com/ethereum/ethereumj,2195,Java,2014-05-13T07:50:14Z,"11 anos, 11 meses",2022-02-24T15:16:54Z,"4 anos, 1 meses",47979,46.9 MB,ethereumj,N/A
jeecgboot/jeecg,https://github.com/jeecgboot/jeecg,2196,Java,2013-01-01T05:35:43Z,"13 anos, 3 meses",2023-12-16T20:26:07Z,"2 anos, 3 meses",221172,216.0 MB,jeecg,N/A
HpWens/MeiWidgetView,https://github.com/HpWens/MeiWidgetView,2195,Java,2018-04-28T07:32:36Z,"7 anos, 11 meses",2020-04-26T07:04:56Z,"5 anos, 11 meses",78708,76.9 MB,MeiWidgetView,N/A
winder/Universal-G-Code-Sender,https://github.com/winder/Universal-G-Code-Sender,2186,Java,2012-06-26T22:30:07Z,"13 anos, 9 meses",2026-04-07T06:00:49Z,3 dias,73126,71.4 MB,Universal-G-Code-Sender,N/A
spotify/helios,https://github.com/spotify/helios,2180,Java,2014-05-26T02:29:06Z,"11 anos, 10 meses",2024-09-12T12:43:28Z,"1 anos, 7 meses",7755,7.6 MB,helios,N/A
pen4uin/java-memshell-generator,https://github.com/pen4uin/java-memshell-generator,2179,Java,2023-06-03T19:49:29Z,"2 anos, 10 meses",2025-08-21T10:21:10Z,"7 meses, 22 dias",13077,12.8 MB,java-memshell-generator,N/A
codingXiaxw/seckill,https://github.com/codingXiaxw/seckill,2175,Java,2016-11-28T13:56:39Z,"9 anos, 4 meses",2022-12-16T05:51:18Z,"3 anos, 3 meses",21544,21.0 MB,seckill,N/A
fython/MaterialStepperView,https://github.com/fython/MaterialStepperView,2169,Java,2017-08-08T03:53:59Z,"8 anos, 8 meses",2020-02-12T08:17:00Z,"6 anos, 1 meses",525,525 KB,MaterialStepperView,N/A
dromara/x-file-storage,https://github.com/dromara/x-file-storage,2166,Java,2020-12-16T06:38:58Z,"5 anos, 3 meses",2025-06-27T08:02:43Z,"9 meses, 17 dias",2379,2.3 MB,x-file-storage,N/A
plantuml/plantuml-server,https://github.com/plantuml/plantuml-server,2163,Java,2011-01-28T22:07:53Z,"15 anos, 2 meses",2026-03-10T08:15:21Z,"1 meses, 1 dias",13058,12.8 MB,plantuml-server,N/A
JorenSix/TarsosDSP,https://github.com/JorenSix/TarsosDSP,2161,Java,2011-03-25T15:34:28Z,"15 anos, 0 meses",2025-06-13T09:35:50Z,"10 meses, 1 dias",19201,18.8 MB,TarsosDSP,N/A
youseries/ureport,https://github.com/youseries/ureport,2154,Java,2017-06-05T07:48:31Z,"8 anos, 10 meses",2023-02-10T08:04:59Z,"3 anos, 2 meses",99439,97.1 MB,ureport,N/A
niorgai/StatusBarCompat,https://github.com/niorgai/StatusBarCompat,2154,Java,2016-03-21T03:06:13Z,"10 anos, 0 meses",2024-12-03T02:01:38Z,"1 anos, 4 meses",4758,4.6 MB,StatusBarCompat,N/A
zhangkaitao/es,https://github.com/zhangkaitao/es,2153,Java,2013-01-12T12:57:51Z,"13 anos, 3 meses",2018-04-05T06:48:38Z,"8 anos, 0 meses",8753,8.5 MB,es,N/A
tdunning/t-digest,https://github.com/tdunning/t-digest,2149,Java,2013-11-19T00:07:15Z,"12 anos, 4 meses",2025-02-17T07:19:38Z,"1 anos, 1 meses",43585,42.6 MB,t-digest,N/A
square/mortar,https://github.com/square/mortar,2140,Java,2013-11-09T00:01:50Z,"12 anos, 5 meses",2023-03-18T23:32:22Z,"3 anos, 0 meses",884,884 KB,mortar,N/A
danfickle/openhtmltopdf,https://github.com/danfickle/openhtmltopdf,2140,Java,2015-11-04T08:55:17Z,"10 anos, 5 meses",2024-06-14T18:05:00Z,"1 anos, 9 meses",58522,57.2 MB,openhtmltopdf,N/A
xubinux/xbin-store,https://github.com/xubinux/xbin-store,2137,Java,2017-02-26T04:19:53Z,"9 anos, 1 meses",2022-12-05T23:56:22Z,"3 anos, 4 meses",22036,21.5 MB,xbin-store,N/A
AndroidKnife/RxBus,https://github.com/AndroidKnife/RxBus,2137,Java,2015-11-25T10:36:57Z,"10 anos, 4 meses",2021-08-27T07:54:42Z,"4 anos, 7 meses",195,195 KB,RxBus,N/A
vigna/fastutil,https://github.com/vigna/fastutil,2131,Java,2015-05-11T16:59:13Z,"10 anos, 11 meses",2025-12-02T02:41:33Z,"4 meses, 9 dias",32975,32.2 MB,fastutil,N/A
jonashackt/spring-boot-vuejs,https://github.com/jonashackt/spring-boot-vuejs,2128,Java,2017-09-11T09:42:52Z,"8 anos, 7 meses",2026-04-10T10:46:59Z,0 dias,27247,26.6 MB,spring-boot-vuejs,N/A
yaphone/itchat4j,https://github.com/yaphone/itchat4j,2125,Java,2017-04-05T15:04:57Z,"9 anos, 0 meses",2024-04-11T01:52:53Z,"1 anos, 12 meses",755,755 KB,itchat4j,N/A
bit4woo/domain_hunter_pro,https://github.com/bit4woo/domain_hunter_pro,2121,Java,2019-01-18T07:15:15Z,"7 anos, 2 meses",2026-04-10T09:51:50Z,0 dias,22082,21.6 MB,domain_hunter_pro,N/A
apache/tinkerpop,https://github.com/apache/tinkerpop,2117,Java,2015-02-07T08:00:05Z,"11 anos, 2 meses",2026-04-09T20:39:45Z,0 dias,245978,240.2 MB,tinkerpop,N/A
dromara/RuoYi-Vue-Plus,https://github.com/dromara/RuoYi-Vue-Plus,2117,Java,2021-06-23T06:32:20Z,"4 anos, 9 meses",2026-04-10T09:55:18Z,0 dias,41331,40.4 MB,RuoYi-Vue-Plus,N/A
jdbi/jdbi,https://github.com/jdbi/jdbi,2115,Java,2009-06-17T16:36:36Z,"16 anos, 10 meses",2026-04-09T21:56:18Z,0 dias,29878,29.2 MB,jdbi,N/A
bytedance/CodeLocator,https://github.com/bytedance/CodeLocator,2114,Java,2021-08-19T00:19:11Z,"4 anos, 7 meses",2025-08-26T11:35:13Z,"7 meses, 17 dias",149280,145.8 MB,CodeLocator,N/A
haraldk/TwelveMonkeys,https://github.com/haraldk/TwelveMonkeys,2109,Java,2009-09-03T17:44:28Z,"16 anos, 7 meses",2026-04-06T12:25:34Z,4 dias,300395,293.4 MB,TwelveMonkeys,N/A
cymcsg/UltimateAndroid,https://github.com/cymcsg/UltimateAndroid,2107,Java,2014-06-10T01:42:20Z,"11 anos, 10 meses",2024-02-03T04:13:23Z,"2 anos, 2 meses",108651,106.1 MB,UltimateAndroid,N/A
ModelEngine-Group/fit-framework,https://github.com/ModelEngine-Group/fit-framework,2107,Java,2025-02-22T08:20:15Z,"1 anos, 1 meses",2026-03-13T03:40:21Z,28 dias,16867,16.5 MB,fit-framework,N/A
searchbox-io/Jest,https://github.com/searchbox-io/Jest,2105,Java,2012-05-21T13:37:50Z,"13 anos, 10 meses",2023-03-31T13:36:58Z,"3 anos, 0 meses",5471,5.3 MB,Jest,N/A
DozerMapper/dozer,https://github.com/DozerMapper/dozer,2105,Java,2012-01-23T21:11:58Z,"14 anos, 2 meses",2026-03-01T22:05:49Z,"1 meses, 9 dias",21737,21.2 MB,dozer,N/A
normanmaurer/netty-in-action,https://github.com/normanmaurer/netty-in-action,2104,Java,2012-10-23T05:56:42Z,"13 anos, 5 meses",2023-12-18T03:51:56Z,"2 anos, 3 meses",230,230 KB,netty-in-action,N/A
unclebob/fitnesse,https://github.com/unclebob/fitnesse,2102,Java,2008-12-06T19:38:59Z,"17 anos, 4 meses",2026-04-01T18:13:21Z,8 dias,74465,72.7 MB,fitnesse,N/A
ZongXR/SuperMarket,https://github.com/ZongXR/SuperMarket,2101,Java,2020-08-01T14:48:51Z,"5 anos, 8 meses",2024-03-06T01:56:51Z,"2 anos, 1 meses",151980,148.4 MB,SuperMarket,N/A
protostuff/protostuff,https://github.com/protostuff/protostuff,2098,Java,2014-01-20T01:22:51Z,"12 anos, 2 meses",2025-04-02T04:29:11Z,"1 anos, 0 meses",5430,5.3 MB,protostuff,N/A
mcharmas/Android-ReactiveLocation,https://github.com/mcharmas/Android-ReactiveLocation,2098,Java,2014-01-28T15:37:47Z,"12 anos, 2 meses",2024-07-18T14:24:40Z,"1 anos, 8 meses",647,647 KB,Android-ReactiveLocation,N/A
mthli/Knife,https://github.com/mthli/Knife,2098,Java,2015-12-09T01:53:30Z,"10 anos, 4 meses",2016-07-15T06:35:59Z,"9 anos, 9 meses",1151,1.1 MB,Knife,N/A
speedment/speedment,https://github.com/speedment/speedment,2096,Java,2015-01-19T16:41:52Z,"11 anos, 2 meses",2023-11-07T17:59:16Z,"2 anos, 5 meses",26439,25.8 MB,speedment,N/A
liyupi/sql-father-backend-public,https://github.com/liyupi/sql-father-backend-public,2091,Java,2022-10-19T05:33:48Z,"3 anos, 5 meses",2023-05-21T12:06:46Z,"2 anos, 10 meses",77,77 KB,sql-father-backend-public,N/A
apache/atlas,https://github.com/apache/atlas,2090,Java,2017-07-22T07:00:08Z,"8 anos, 8 meses",2026-04-07T07:29:30Z,3 dias,73907,72.2 MB,atlas,N/A
Aspsine/SwipeToLoadLayout,https://github.com/Aspsine/SwipeToLoadLayout,2087,Java,2015-09-02T02:45:40Z,"10 anos, 7 meses",2018-09-29T09:36:28Z,"7 anos, 6 meses",18269,17.8 MB,SwipeToLoadLayout,N/A
spring-petclinic/spring-petclinic-microservices,https://github.com/spring-petclinic/spring-petclinic-microservices,2082,Java,2016-11-12T14:57:30Z,"9 anos, 5 meses",2026-03-26T07:39:46Z,15 dias,8161,8.0 MB,spring-petclinic-microservices,N/A
iSafeBlue/TrackRay,https://github.com/iSafeBlue/TrackRay,2081,Java,2018-10-29T12:13:23Z,"7 anos, 5 meses",2023-12-16T16:35:33Z,"2 anos, 3 meses",132225,129.1 MB,TrackRay,N/A
tvbarthel/BlurDialogFragment,https://github.com/tvbarthel/BlurDialogFragment,2081,Java,2014-08-09T17:15:04Z,"11 anos, 8 meses",2019-08-27T09:53:06Z,"6 anos, 7 meses",50538,49.4 MB,BlurDialogFragment,N/A
macrozheng/mall-tiny,https://github.com/macrozheng/mall-tiny,2073,Java,2019-08-10T02:03:02Z,"6 anos, 8 meses",2026-04-09T08:23:15Z,1 dias,512,512 KB,mall-tiny,N/A
Vineflower/vineflower,https://github.com/Vineflower/vineflower,2063,Java,2021-03-10T19:15:51Z,"5 anos, 1 meses",2026-04-09T22:12:59Z,0 dias,12658,12.4 MB,vineflower,N/A
zzz40500/AndroidSweetSheet,https://github.com/zzz40500/AndroidSweetSheet,2057,Java,2015-08-06T19:57:03Z,"10 anos, 8 meses",2018-05-04T21:20:44Z,"7 anos, 11 meses",4332,4.2 MB,AndroidSweetSheet,N/A
WangShuo1143368701/WSLiveDemo,https://github.com/WangShuo1143368701/WSLiveDemo,2056,Java,2018-02-27T06:10:53Z,"8 anos, 1 meses",2022-04-04T06:24:43Z,"4 anos, 0 meses",379,379 KB,WSLiveDemo,N/A
testng-team/testng,https://github.com/testng-team/testng,2053,Java,2010-06-28T23:10:17Z,"15 anos, 9 meses",2026-03-27T03:08:47Z,14 dias,33126,32.3 MB,testng,N/A
yuzhiqiang1993/zxing,https://github.com/yuzhiqiang1993/zxing,2053,Java,2017-07-20T07:44:55Z,"8 anos, 8 meses",2022-11-09T02:36:20Z,"3 anos, 5 meses",125431,122.5 MB,zxing,N/A
reark/reark,https://github.com/reark/reark,2050,Java,2013-12-28T12:09:31Z,"12 anos, 3 meses",2018-06-23T17:02:14Z,"7 anos, 9 meses",1510,1.5 MB,reark,N/A
TakahikoKawasaki/nv-websocket-client,https://github.com/TakahikoKawasaki/nv-websocket-client,2049,Java,2015-03-26T08:56:56Z,"11 anos, 0 meses",2024-01-28T14:16:55Z,"2 anos, 2 meses",1661,1.6 MB,nv-websocket-client,N/A
Qihoo360/Quicksql,https://github.com/Qihoo360/Quicksql,2047,Java,2019-01-04T10:06:25Z,"7 anos, 3 meses",2022-10-25T23:52:06Z,"3 anos, 5 meses",12393,12.1 MB,Quicksql,N/A
topjohnwu/libsu,https://github.com/topjohnwu/libsu,2047,Java,2018-01-19T22:16:33Z,"8 anos, 2 meses",2026-03-27T17:57:50Z,13 dias,24136,23.6 MB,libsu,N/A
jar-analyzer/jar-analyzer,https://github.com/jar-analyzer/jar-analyzer,2047,Java,2023-10-07T15:42:35Z,"2 anos, 6 meses",2026-04-03T10:15:27Z,7 dias,99735,97.4 MB,jar-analyzer,N/A
openhab/openhab-addons,https://github.com/openhab/openhab-addons,2045,Java,2014-05-13T19:41:58Z,"11 anos, 11 meses",2026-04-10T12:13:40Z,0 dias,389159,380.0 MB,openhab-addons,N/A
ali-bouali/spring-boot-3-jwt-security,https://github.com/ali-bouali/spring-boot-3-jwt-security,2040,Java,2022-12-29T13:21:52Z,"3 anos, 3 meses",2024-07-01T16:58:29Z,"1 anos, 9 meses",80,80 KB,spring-boot-3-jwt-security,N/A
medyo/android-about-page,https://github.com/medyo/android-about-page,2036,Java,2016-04-20T23:26:30Z,"9 anos, 11 meses",2024-04-05T17:01:17Z,"2 anos, 0 meses",983,983 KB,android-about-page,N/A
zalando/logbook,https://github.com/zalando/logbook,2035,Java,2015-09-14T15:29:12Z,"10 anos, 7 meses",2026-04-02T11:40:03Z,8 dias,7201,7.0 MB,logbook,N/A
asciidocfx/AsciidocFX,https://github.com/asciidocfx/AsciidocFX,2033,Java,2014-05-18T17:49:13Z,"11 anos, 10 meses",2026-04-05T07:00:12Z,5 dias,1508034,1.4 GB,AsciidocFX,N/A
spring-cloud/spring-cloud-config,https://github.com/spring-cloud/spring-cloud-config,2031,Java,2014-06-13T16:59:44Z,"11 anos, 10 meses",2026-04-08T09:55:05Z,2 dias,40906,39.9 MB,spring-cloud-config,N/A
googleapis/google-cloud-java,https://github.com/googleapis/google-cloud-java,2027,Java,2014-11-04T17:57:16Z,"11 anos, 5 meses",2026-04-10T17:07:18Z,0 dias,1938732,1.8 GB,google-cloud-java,N/A
javiersantos/AppUpdater,https://github.com/javiersantos/AppUpdater,2020,Java,2016-02-02T18:10:59Z,"10 anos, 2 meses",2024-06-28T09:56:54Z,"1 anos, 9 meses",3692,3.6 MB,AppUpdater,N/A
mancj/MaterialSearchBar,https://github.com/mancj/MaterialSearchBar,2019,Java,2016-07-20T13:02:53Z,"9 anos, 8 meses",2022-07-07T13:40:02Z,"3 anos, 9 meses",2424,2.4 MB,MaterialSearchBar,N/A
ApmeM/android-flowlayout,https://github.com/ApmeM/android-flowlayout,2018,Java,2011-09-10T17:30:54Z,"14 anos, 7 meses",2022-05-23T16:42:31Z,"3 anos, 10 meses",965,965 KB,android-flowlayout,N/A
RameshMF/spring-boot-tutorial,https://github.com/RameshMF/spring-boot-tutorial,2015,Java,2018-09-17T07:25:55Z,"7 anos, 6 meses",2024-08-26T16:16:12Z,"1 anos, 7 meses",1697,1.7 MB,spring-boot-tutorial,N/A
Tencent/soter,https://github.com/Tencent/soter,2013,Java,2017-07-18T06:52:29Z,"8 anos, 8 meses",2025-11-26T07:43:14Z,"4 meses, 15 dias",9304,9.1 MB,soter,N/A
onthegomap/planetiler,https://github.com/onthegomap/planetiler,2010,Java,2021-10-20T01:59:38Z,"4 anos, 5 meses",2026-04-09T10:19:56Z,1 dias,70683,69.0 MB,planetiler,N/A
elastic/elasticsearch-hadoop,https://github.com/elastic/elasticsearch-hadoop,2009,Java,2013-03-11T18:57:37Z,"13 anos, 1 meses",2026-04-10T17:05:08Z,0 dias,11138,10.9 MB,elasticsearch-hadoop,N/A
pravega/pravega,https://github.com/pravega/pravega,2004,Java,2016-07-11T19:41:03Z,"9 anos, 9 meses",2025-03-02T17:39:21Z,"1 anos, 1 meses",49252,48.1 MB,pravega,N/A
Ramotion/expanding-collection-android,https://github.com/Ramotion/expanding-collection-android,2002,Java,2016-10-06T13:30:26Z,"9 anos, 6 meses",2020-04-06T13:36:27Z,"6 anos, 0 meses",9035,8.8 MB,expanding-collection-android,N/A
KieronQuinn/PersistentSearch,https://github.com/KieronQuinn/PersistentSearch,2003,Java,2015-03-05T20:27:33Z,"11 anos, 1 meses",2017-03-03T09:08:58Z,"9 anos, 1 meses",2134,2.1 MB,PersistentSearch,N/A
zhegexiaohuozi/SeimiCrawler,https://github.com/zhegexiaohuozi/SeimiCrawler,1998,Java,2015-11-06T16:06:36Z,"10 anos, 5 meses",2024-11-25T08:37:36Z,"1 anos, 4 meses",553,553 KB,SeimiCrawler,N/A
zfoo-project/zfoo,https://github.com/zfoo-project/zfoo,1993,Java,2021-05-19T09:04:28Z,"4 anos, 10 meses",2026-03-31T12:04:32Z,10 dias,16175,15.8 MB,zfoo,N/A
boylegu/SpringBoot-vue,https://github.com/boylegu/SpringBoot-vue,1991,Java,2017-06-20T07:07:19Z,"8 anos, 9 meses",2024-06-10T22:27:44Z,"1 anos, 10 meses",33858,33.1 MB,SpringBoot-vue,N/A
willowtreeapps/Hyperion-Android,https://github.com/willowtreeapps/Hyperion-Android,1992,Java,2017-05-26T18:14:51Z,"8 anos, 10 meses",2024-04-18T13:33:16Z,"1 anos, 11 meses",1414,1.4 MB,Hyperion-Android,N/A
NanowarOfSteel/HelloWorld,https://github.com/NanowarOfSteel/HelloWorld,1989,Java,2024-10-29T09:25:30Z,"1 anos, 5 meses",2025-02-08T14:39:36Z,"1 anos, 2 meses",1295,1.3 MB,HelloWorld,N/A
davidfantasy/mybatis-plus-generator-ui,https://github.com/davidfantasy/mybatis-plus-generator-ui,1988,Java,2020-05-05T16:06:08Z,"5 anos, 11 meses",2025-05-08T02:07:05Z,"11 meses, 7 dias",2411,2.4 MB,mybatis-plus-generator-ui,N/A
armcha/Space-Navigation-View,https://github.com/armcha/Space-Navigation-View,1987,Java,2016-08-10T19:07:41Z,"9 anos, 8 meses",2021-04-29T10:21:15Z,"4 anos, 11 meses",8680,8.5 MB,Space-Navigation-View,N/A
GlowstoneMC/Glowstone,https://github.com/GlowstoneMC/Glowstone,1985,Java,2015-04-05T22:30:55Z,"11 anos, 0 meses",2023-09-28T19:12:55Z,"2 anos, 6 meses",16301,15.9 MB,Glowstone,N/A
GcsSloop/rclayout,https://github.com/GcsSloop/rclayout,1984,Java,2017-10-05T10:32:44Z,"8 anos, 6 meses",2018-11-20T14:05:37Z,"7 anos, 4 meses",3524,3.4 MB,rclayout,N/A
JorgeCastilloPrz/AndroidFillableLoaders,https://github.com/JorgeCastilloPrz/AndroidFillableLoaders,1980,Java,2015-08-13T13:34:29Z,"10 anos, 8 meses",2022-07-20T16:54:02Z,"3 anos, 8 meses",1521,1.5 MB,AndroidFillableLoaders,N/A
XunMengWinter/CircularAnim,https://github.com/XunMengWinter/CircularAnim,1975,Java,2016-07-20T07:52:07Z,"9 anos, 8 meses",2024-10-14T17:14:56Z,"1 anos, 5 meses",244,244 KB,CircularAnim,N/A
jaredrummler/AnimatedSvgView,https://github.com/jaredrummler/AnimatedSvgView,1969,Java,2016-05-25T21:22:43Z,"9 anos, 10 meses",2018-10-29T04:14:58Z,"7 anos, 5 meses",601,601 KB,AnimatedSvgView,N/A
dedicatedcode/reitti,https://github.com/dedicatedcode/reitti,1961,Java,2025-05-25T06:45:03Z,"10 meses, 20 dias",2026-04-10T12:07:19Z,0 dias,59088,57.7 MB,reitti,N/A
pengrad/java-telegram-bot-api,https://github.com/pengrad/java-telegram-bot-api,1960,Java,2015-08-04T11:58:56Z,"10 anos, 8 meses",2026-04-04T12:54:30Z,6 dias,2876,2.8 MB,java-telegram-bot-api,N/A
linkedin/dexmaker,https://github.com/linkedin/dexmaker,1958,Java,2014-12-17T07:22:19Z,"11 anos, 3 meses",2026-01-06T21:46:36Z,"3 meses, 3 dias",5834,5.7 MB,dexmaker,N/A
atjiu/pybbs,https://github.com/atjiu/pybbs,1957,Java,2015-04-11T23:03:17Z,"11 anos, 0 meses",2025-10-27T06:09:46Z,"5 meses, 15 dias",57342,56.0 MB,pybbs,N/A
ysc/QuestionAnsweringSystem,https://github.com/ysc/QuestionAnsweringSystem,1957,Java,2014-07-28T20:27:58Z,"11 anos, 8 meses",2018-08-21T12:59:28Z,"7 anos, 7 meses",19118,18.7 MB,QuestionAnsweringSystem,N/A
RuffianZhong/RWidgetHelper,https://github.com/RuffianZhong/RWidgetHelper,1956,Java,2018-04-26T10:19:42Z,"7 anos, 11 meses",2024-02-21T05:57:40Z,"2 anos, 1 meses",11391,11.1 MB,RWidgetHelper,N/A
corona-warn-app/cwa-server,https://github.com/corona-warn-app/cwa-server,1953,Java,2020-05-02T15:07:31Z,"5 anos, 11 meses",2023-05-10T07:59:48Z,"2 anos, 11 meses",33432,32.6 MB,cwa-server,N/A
continew-org/continew-admin,https://github.com/continew-org/continew-admin,1949,Java,2022-12-08T15:26:44Z,"3 anos, 4 meses",2026-04-08T01:58:05Z,2 dias,27640,27.0 MB,continew-admin,N/A
rememberber/MooTool,https://github.com/rememberber/MooTool,1947,Java,2019-10-14T07:35:58Z,"6 anos, 6 meses",2026-03-10T16:23:41Z,"1 meses, 1 dias",40056,39.1 MB,MooTool,N/A
kymjs/KJFrameForAndroid,https://github.com/kymjs/KJFrameForAndroid,1945,Java,2014-06-08T13:30:46Z,"11 anos, 10 meses",2026-03-17T06:36:33Z,24 dias,40577,39.6 MB,KJFrameForAndroid,N/A
devzwy/open_nsfw_android,https://github.com/devzwy/open_nsfw_android,1944,Java,2019-05-14T03:44:51Z,"6 anos, 11 meses",2023-04-08T03:58:38Z,"3 anos, 0 meses",193636,189.1 MB,open_nsfw_android,N/A
apache/servicecomb-java-chassis,https://github.com/apache/servicecomb-java-chassis,1939,Java,2017-05-18T09:29:30Z,"8 anos, 10 meses",2026-04-03T06:06:49Z,7 dias,29351,28.7 MB,servicecomb-java-chassis,N/A
felHR85/UsbSerial,https://github.com/felHR85/UsbSerial,1936,Java,2014-03-20T11:23:57Z,"12 anos, 0 meses",2024-08-01T18:00:08Z,"1 anos, 8 meses",2025,2.0 MB,UsbSerial,N/A
broadinstitute/gatk,https://github.com/broadinstitute/gatk,1933,Java,2014-12-02T20:50:36Z,"11 anos, 4 meses",2026-04-09T20:36:33Z,0 dias,489848,478.4 MB,gatk,N/A
spring-projects/spring-session,https://github.com/spring-projects/spring-session,1930,Java,2014-06-20T21:16:58Z,"11 anos, 9 meses",2026-04-03T19:14:15Z,6 dias,24939,24.4 MB,spring-session,N/A
fabric8io/docker-maven-plugin,https://github.com/fabric8io/docker-maven-plugin,1928,Java,2014-03-26T06:10:05Z,"12 anos, 0 meses",2026-04-01T04:59:19Z,9 dias,21959,21.4 MB,docker-maven-plugin,N/A
dromara/forest,https://github.com/dromara/forest,1927,Java,2017-04-21T10:53:29Z,"8 anos, 11 meses",2026-01-26T21:37:49Z,"2 meses, 13 dias",8867,8.7 MB,forest,N/A
dunwu/java-tutorial,https://github.com/dunwu/java-tutorial,1925,Java,2017-11-29T06:39:45Z,"8 anos, 4 meses",2024-12-31T00:09:46Z,"1 anos, 3 meses",18074,17.7 MB,java-tutorial,N/A
liaoinstan/SpringView,https://github.com/liaoinstan/SpringView,1925,Java,2016-03-28T09:07:07Z,"10 anos, 0 meses",2020-09-27T11:33:55Z,"5 anos, 6 meses",30048,29.3 MB,SpringView,N/A
validator/validator,https://github.com/validator/validator,1922,Java,2010-12-03T02:00:23Z,"15 anos, 4 meses",2026-04-02T04:33:03Z,8 dias,72891,71.2 MB,validator,N/A
recruit-lifestyle/WaveSwipeRefreshLayout,https://github.com/recruit-lifestyle/WaveSwipeRefreshLayout,1917,Java,2015-07-28T05:36:59Z,"10 anos, 8 meses",2021-05-17T19:25:05Z,"4 anos, 10 meses",7512,7.3 MB,WaveSwipeRefreshLayout,N/A
INRIA/spoon,https://github.com/INRIA/spoon,1916,Java,2013-11-06T15:29:59Z,"12 anos, 5 meses",2026-04-10T10:01:51Z,0 dias,36881,36.0 MB,spoon,N/A
apache/servicecomb-pack,https://github.com/apache/servicecomb-pack,1915,Java,2017-07-18T08:27:38Z,"8 anos, 8 meses",2024-10-03T18:46:26Z,"1 anos, 6 meses",15517,15.2 MB,servicecomb-pack,N/A
xwjie/PLMCodeTemplate,https://github.com/xwjie/PLMCodeTemplate,1914,Java,2017-04-02T08:43:47Z,"9 anos, 0 meses",2024-01-08T03:15:39Z,"2 anos, 3 meses",4328,4.2 MB,PLMCodeTemplate,N/A
detro/ghostdriver,https://github.com/detro/ghostdriver,1908,Java,2012-03-21T19:09:32Z,"14 anos, 0 meses",2019-02-08T16:23:10Z,"7 anos, 2 meses",7008,6.8 MB,ghostdriver,N/A
Discord4J/Discord4J,https://github.com/Discord4J/Discord4J,1905,Java,2015-11-07T21:29:08Z,"10 anos, 5 meses",2026-04-02T18:17:53Z,7 dias,25647,25.0 MB,Discord4J,N/A
spring2go/staffjoy,https://github.com/spring2go/staffjoy,1904,Java,2019-07-03T15:07:24Z,"6 anos, 9 meses",2023-12-16T06:28:02Z,"2 anos, 3 meses",52659,51.4 MB,staffjoy,N/A
dromara/Jpom,https://github.com/dromara/Jpom,1902,Java,2019-01-04T05:38:56Z,"7 anos, 3 meses",2026-02-06T06:00:50Z,"2 meses, 3 dias",96002,93.8 MB,Jpom,N/A
primefaces/primefaces,https://github.com/primefaces/primefaces,1900,Java,2015-04-11T09:48:53Z,"11 anos, 0 meses",2026-04-10T16:43:57Z,0 dias,166213,162.3 MB,primefaces,N/A
yint-tech/sekiro-open,https://github.com/yint-tech/sekiro-open,1899,Java,2019-10-08T15:08:31Z,"6 anos, 6 meses",2026-01-22T18:13:32Z,"2 meses, 17 dias",364,364 KB,sekiro-open,N/A
SpringCloud/spring-cloud-code,https://github.com/SpringCloud/spring-cloud-code,1899,Java,2018-03-07T11:57:24Z,"8 anos, 1 meses",2023-01-02T22:13:22Z,"3 anos, 3 meses",15497,15.1 MB,spring-cloud-code,N/A
geotools/geotools,https://github.com/geotools/geotools,1897,Java,2011-11-10T23:22:12Z,"14 anos, 5 meses",2026-04-09T01:55:01Z,1 dias,436318,426.1 MB,geotools,N/A
bramp/ffmpeg-cli-wrapper,https://github.com/bramp/ffmpeg-cli-wrapper,1893,Java,2014-02-15T19:07:50Z,"12 anos, 1 meses",2026-04-06T22:10:53Z,3 dias,13995,13.7 MB,ffmpeg-cli-wrapper,N/A
sephiroth74/ImageViewZoom,https://github.com/sephiroth74/ImageViewZoom,1888,Java,2012-06-14T00:11:22Z,"13 anos, 10 meses",2017-10-21T18:07:00Z,"8 anos, 5 meses",601,601 KB,ImageViewZoom,N/A
Ramotion/circle-menu-android,https://github.com/Ramotion/circle-menu-android,1887,Java,2017-09-20T08:31:50Z,"8 anos, 6 meses",2022-06-24T23:01:09Z,"3 anos, 9 meses",908,908 KB,circle-menu-android,N/A
Kaopiz/android-segmented-control,https://github.com/Kaopiz/android-segmented-control,1885,Java,2014-02-06T17:45:28Z,"12 anos, 2 meses",2020-10-05T09:01:17Z,"5 anos, 6 meses",1489,1.5 MB,android-segmented-control,N/A
parse-community/Parse-SDK-Android,https://github.com/parse-community/Parse-SDK-Android,1884,Java,2015-08-12T22:57:48Z,"10 anos, 8 meses",2026-04-04T18:35:22Z,5 dias,4603,4.5 MB,Parse-SDK-Android,N/A
jchambers/pushy,https://github.com/jchambers/pushy,1883,Java,2013-08-02T19:38:31Z,"12 anos, 8 meses",2025-04-14T03:08:41Z,"12 meses, 1 dias",8979,8.8 MB,pushy,N/A
kanwangzjm/funiture,https://github.com/kanwangzjm/funiture,1872,Java,2016-03-06T11:54:46Z,"10 anos, 1 meses",2023-11-15T05:39:58Z,"2 anos, 4 meses",32275,31.5 MB,funiture,N/A
ssssssss-team/magic-api,https://github.com/ssssssss-team/magic-api,1872,Java,2020-05-05T02:12:41Z,"5 anos, 11 meses",2025-06-05T23:14:14Z,"10 meses, 8 dias",10003,9.8 MB,magic-api,N/A
mcxtzhang/SuspensionIndexBar,https://github.com/mcxtzhang/SuspensionIndexBar,1868,Java,2016-09-06T10:17:59Z,"9 anos, 7 meses",2017-12-31T09:06:25Z,"8 anos, 3 meses",11055,10.8 MB,SuspensionIndexBar,N/A
in28minutes/spring-microservices,https://github.com/in28minutes/spring-microservices,1866,Java,2017-09-07T13:24:37Z,"8 anos, 7 meses",2024-03-16T19:40:02Z,"2 anos, 0 meses",93130,90.9 MB,spring-microservices,N/A
w3c/epubcheck,https://github.com/w3c/epubcheck,1866,Java,2013-10-14T23:29:03Z,"12 anos, 6 meses",2026-03-01T23:26:20Z,"1 meses, 9 dias",63187,61.7 MB,epubcheck,N/A
federicodotta/Brida,https://github.com/federicodotta/Brida,1864,Java,2017-07-28T16:07:31Z,"8 anos, 8 meses",2025-10-30T13:47:46Z,"5 meses, 12 dias",49323,48.2 MB,Brida,N/A
kwhat/jnativehook,https://github.com/kwhat/jnativehook,1862,Java,2013-09-30T16:36:43Z,"12 anos, 6 meses",2024-09-03T21:31:34Z,"1 anos, 7 meses",7067,6.9 MB,jnativehook,N/A
jplag/JPlag,https://github.com/jplag/JPlag,1862,Java,2015-03-21T20:06:19Z,"11 anos, 0 meses",2026-04-10T14:42:20Z,0 dias,72647,70.9 MB,JPlag,N/A
spring-projects/spring-data-redis,https://github.com/spring-projects/spring-data-redis,1859,Java,2011-07-01T11:57:33Z,"14 anos, 9 meses",2026-04-10T15:00:08Z,0 dias,31487,30.7 MB,spring-data-redis,N/A
devaige/DatePicker,https://github.com/devaige/DatePicker,1859,Java,2015-03-27T14:16:33Z,"11 anos, 0 meses",2020-07-31T09:29:37Z,"5 anos, 8 meses",5455,5.3 MB,DatePicker,N/A
linger1216/labelview,https://github.com/linger1216/labelview,1858,Java,2015-02-13T14:56:41Z,"11 anos, 1 meses",2022-07-23T00:08:31Z,"3 anos, 8 meses",4048,4.0 MB,labelview,N/A
apache/fluss,https://github.com/apache/fluss,1856,Java,2024-10-31T06:36:35Z,"1 anos, 5 meses",2026-04-09T13:26:23Z,1 dias,78536,76.7 MB,fluss,N/A
EsotericSoftware/kryonet,https://github.com/EsotericSoftware/kryonet,1851,Java,2013-11-06T13:25:34Z,"12 anos, 5 meses",2021-02-22T15:27:36Z,"5 anos, 1 meses",2085,2.0 MB,kryonet,N/A
in28minutes/master-spring-and-spring-boot,https://github.com/in28minutes/master-spring-and-spring-boot,1844,Java,2022-10-27T08:18:07Z,"3 anos, 5 meses",2026-04-08T04:20:30Z,2 dias,83983,82.0 MB,master-spring-and-spring-boot,N/A
alibaba/testable-mock,https://github.com/alibaba/testable-mock,1844,Java,2020-11-10T03:06:47Z,"5 anos, 5 meses",2023-05-17T11:09:55Z,"2 anos, 10 meses",1567,1.5 MB,testable-mock,N/A
JosephZhu1983/java-common-mistakes,https://github.com/JosephZhu1983/java-common-mistakes,1840,Java,2020-02-03T09:45:58Z,"6 anos, 2 meses",2024-01-05T14:26:46Z,"2 anos, 3 meses",10334,10.1 MB,java-common-mistakes,N/A
codenameone/CodenameOne,https://github.com/codenameone/CodenameOne,1829,Java,2015-03-27T07:37:42Z,"11 anos, 0 meses",2026-04-10T16:07:18Z,0 dias,509200,497.3 MB,CodenameOne,N/A
JoanZapata/base-adapter-helper,https://github.com/JoanZapata/base-adapter-helper,1828,Java,2013-04-05T11:35:13Z,"13 anos, 0 meses",2016-04-02T11:13:17Z,"10 anos, 0 meses",1081,1.1 MB,base-adapter-helper,N/A
goldmansachs/gs-collections,https://github.com/goldmansachs/gs-collections,1827,Java,2011-12-23T19:17:17Z,"14 anos, 3 meses",2023-03-20T19:23:56Z,"3 anos, 0 meses",12935,12.6 MB,gs-collections,N/A
getActivity/TitleBar,https://github.com/getActivity/TitleBar,1827,Java,2018-08-17T06:54:04Z,"7 anos, 7 meses",2026-02-04T11:22:53Z,"2 meses, 5 dias",37442,36.6 MB,TitleBar,N/A
ZHENFENG13/ssm-demo,https://github.com/ZHENFENG13/ssm-demo,1823,Java,2017-02-23T08:13:00Z,"9 anos, 1 meses",2019-02-14T06:43:32Z,"7 anos, 1 meses",33983,33.2 MB,ssm-demo,N/A
ysc/word,https://github.com/ysc/word,1824,Java,2014-03-18T03:22:55Z,"12 anos, 0 meses",2021-03-31T09:27:08Z,"5 anos, 0 meses",518924,506.8 MB,word,N/A
limpoxe/Android-Plugin-Framework,https://github.com/limpoxe/Android-Plugin-Framework,1821,Java,2015-05-04T06:48:47Z,"10 anos, 11 meses",2025-10-21T15:34:04Z,"5 meses, 21 dias",339818,331.9 MB,Android-Plugin-Framework,N/A
Ramotion/garland-view-android,https://github.com/Ramotion/garland-view-android,1819,Java,2017-08-11T15:28:38Z,"8 anos, 8 meses",2020-04-06T13:37:14Z,"6 anos, 0 meses",16511,16.1 MB,garland-view-android,N/A
franmontiel/PersistentCookieJar,https://github.com/franmontiel/PersistentCookieJar,1812,Java,2016-02-11T16:48:19Z,"10 anos, 2 meses",2022-08-18T12:20:34Z,"3 anos, 7 meses",92,92 KB,PersistentCookieJar,N/A
openmrs/openmrs-core,https://github.com/openmrs/openmrs-core,1809,Java,2012-07-26T04:54:29Z,"13 anos, 8 meses",2026-04-10T15:14:12Z,0 dias,242625,236.9 MB,openmrs-core,N/A
hellokaton/wechat-api,https://github.com/hellokaton/wechat-api,1809,Java,2014-11-06T05:41:04Z,"11 anos, 5 meses",2018-03-30T03:14:32Z,"8 anos, 0 meses",11698,11.4 MB,wechat-api,N/A
stfalcon-studio/FrescoImageViewer,https://github.com/stfalcon-studio/FrescoImageViewer,1809,Java,2016-08-29T15:05:41Z,"9 anos, 7 meses",2022-09-21T09:37:40Z,"3 anos, 6 meses",5466,5.3 MB,FrescoImageViewer,N/A
TeamNewPipe/NewPipeExtractor,https://github.com/TeamNewPipe/NewPipeExtractor,1808,Java,2017-03-01T17:50:17Z,"9 anos, 1 meses",2026-04-10T11:49:09Z,0 dias,164554,160.7 MB,NewPipeExtractor,N/A
uber-common/jvm-profiler,https://github.com/uber-common/jvm-profiler,1807,Java,2018-01-05T22:19:29Z,"8 anos, 3 meses",2026-03-01T23:58:23Z,"1 meses, 9 dias",266,266 KB,jvm-profiler,N/A
vaadin/framework,https://github.com/vaadin/framework,1806,Java,2012-10-19T10:41:30Z,"13 anos, 5 meses",2026-04-02T08:13:03Z,8 dias,487589,476.2 MB,framework,N/A
Karumi/Rosie,https://github.com/Karumi/Rosie,1806,Java,2015-11-20T10:22:54Z,"10 anos, 4 meses",2019-09-17T14:29:29Z,"6 anos, 6 meses",13853,13.5 MB,Rosie,N/A
centic9/jgit-cookbook,https://github.com/centic9/jgit-cookbook,1805,Java,2013-05-27T07:28:23Z,"12 anos, 10 meses",2026-02-09T17:56:23Z,"1 meses, 29 dias",1185,1.2 MB,jgit-cookbook,N/A
hcoles/pitest,https://github.com/hcoles/pitest,1804,Java,2014-01-07T21:34:34Z,"12 anos, 3 meses",2026-03-27T22:41:22Z,13 dias,14916,14.6 MB,pitest,N/A
graphhopper/jsprit,https://github.com/graphhopper/jsprit,1802,Java,2013-03-27T13:35:04Z,"13 anos, 0 meses",2026-04-08T19:17:58Z,1 dias,11341,11.1 MB,jsprit,N/A
pmiaowu/BurpShiroPassiveScan,https://github.com/pmiaowu/BurpShiroPassiveScan,1798,Java,2020-07-15T07:12:16Z,"5 anos, 9 meses",2022-12-14T20:55:01Z,"3 anos, 3 meses",9109,8.9 MB,BurpShiroPassiveScan,N/A
moxi624/mogu_blog_v2,https://github.com/moxi624/mogu_blog_v2,1798,Java,2019-04-29T01:38:07Z,"6 anos, 11 meses",2025-05-21T16:18:16Z,"10 meses, 24 dias",68820,67.2 MB,mogu_blog_v2,N/A
core-lib/xjar,https://github.com/core-lib/xjar,1795,Java,2018-11-22T09:56:53Z,"7 anos, 4 meses",2024-04-25T01:35:41Z,"1 anos, 11 meses",365,365 KB,xjar,N/A
spring-cloud/spring-cloud-sleuth,https://github.com/spring-cloud/spring-cloud-sleuth,1792,Java,2015-03-06T20:51:47Z,"11 anos, 1 meses",2025-11-13T18:31:22Z,"4 meses, 27 dias",89848,87.7 MB,spring-cloud-sleuth,N/A
gchq/Gaffer,https://github.com/gchq/Gaffer,1792,Java,2015-12-14T12:12:39Z,"10 anos, 4 meses",2025-06-06T08:50:47Z,"10 meses, 8 dias",227787,222.4 MB,Gaffer,N/A
kilim/kilim,https://github.com/kilim/kilim,1787,Java,2010-04-09T12:02:18Z,"16 anos, 0 meses",2022-03-25T23:47:44Z,"4 anos, 0 meses",3261,3.2 MB,kilim,N/A
googlemaps/google-maps-services-java,https://github.com/googlemaps/google-maps-services-java,1785,Java,2014-08-15T04:35:21Z,"11 anos, 8 meses",2026-01-26T23:41:15Z,"2 meses, 13 dias",7381,7.2 MB,google-maps-services-java,N/A
baichengzhou/SpringMVC-Mybatis-Shiro-redis-0.2,https://github.com/baichengzhou/SpringMVC-Mybatis-Shiro-redis-0.2,1785,Java,2016-11-25T10:12:46Z,"9 anos, 4 meses",2022-12-16T07:20:31Z,"3 anos, 3 meses",26380,25.8 MB,SpringMVC-Mybatis-Shiro-redis-0.2,N/A
sendtion/XRichText,https://github.com/sendtion/XRichText,1782,Java,2016-10-26T01:13:05Z,"9 anos, 5 meses",2020-02-16T05:03:12Z,"6 anos, 1 meses",4547,4.4 MB,XRichText,N/A
embulk/embulk,https://github.com/embulk/embulk,1781,Java,2014-09-16T03:58:52Z,"11 anos, 6 meses",2026-04-10T12:53:39Z,0 dias,8084,7.9 MB,embulk,N/A
4thline/cling,https://github.com/4thline/cling,1780,Java,2011-09-14T14:09:24Z,"14 anos, 7 meses",2020-02-11T16:56:54Z,"6 anos, 2 meses",6132,6.0 MB,cling,N/A
dmytrodanylyk/shadow-layout,https://github.com/dmytrodanylyk/shadow-layout,1779,Java,2015-03-09T19:48:01Z,"11 anos, 1 meses",2020-10-02T05:21:15Z,"5 anos, 6 meses",446,446 KB,shadow-layout,N/A
guchengwuyue/yshopmall,https://github.com/guchengwuyue/yshopmall,1780,Java,2019-11-07T13:53:52Z,"6 anos, 5 meses",2025-12-23T02:38:48Z,"3 meses, 18 dias",46531,45.4 MB,yshopmall,N/A
wgpsec/fofa_viewer,https://github.com/wgpsec/fofa_viewer,1778,Java,2021-04-14T05:16:06Z,"4 anos, 12 meses",2025-12-26T12:19:11Z,"3 meses, 15 dias",17489,17.1 MB,fofa_viewer,N/A
chillzhuang/blade-tool,https://github.com/chillzhuang/blade-tool,1776,Java,2018-12-24T01:33:33Z,"7 anos, 3 meses",2026-01-14T17:32:15Z,"2 meses, 25 dias",7099,6.9 MB,blade-tool,N/A
jbangdev/jbang,https://github.com/jbangdev/jbang,1774,Java,2019-12-24T22:52:02Z,"6 anos, 3 meses",2026-03-29T16:45:30Z,12 dias,12140,11.9 MB,jbang,N/A
pascal-lab/Tai-e,https://github.com/pascal-lab/Tai-e,1772,Java,2022-07-22T11:08:45Z,"3 anos, 8 meses",2026-03-22T10:05:54Z,19 dias,13128,12.8 MB,Tai-e,N/A
zzz40500/android-shapeLoadingView,https://github.com/zzz40500/android-shapeLoadingView,1772,Java,2015-04-06T04:56:31Z,"11 anos, 0 meses",2018-02-11T03:15:43Z,"8 anos, 2 meses",123,123 KB,android-shapeLoadingView,N/A
wsk1103/Used-Trading-Platform,https://github.com/wsk1103/Used-Trading-Platform,1769,Java,2017-05-10T01:46:07Z,"8 anos, 11 meses",2023-04-18T11:56:31Z,"2 anos, 11 meses",41316,40.3 MB,Used-Trading-Platform,N/A
Q42/AndroidScrollingImageView,https://github.com/Q42/AndroidScrollingImageView,1767,Java,2015-08-04T14:31:14Z,"10 anos, 8 meses",2021-01-29T14:09:56Z,"5 anos, 2 meses",1591,1.6 MB,AndroidScrollingImageView,N/A
npgall/cqengine,https://github.com/npgall/cqengine,1765,Java,2015-08-23T19:27:00Z,"10 anos, 7 meses",2023-12-27T20:30:52Z,"2 anos, 3 meses",11503,11.2 MB,cqengine,N/A
samlss/Broccoli,https://github.com/samlss/Broccoli,1762,Java,2018-12-14T15:28:05Z,"7 anos, 3 meses",2023-03-22T01:34:10Z,"3 anos, 0 meses",4647,4.5 MB,Broccoli,N/A
Netflix/genie,https://github.com/Netflix/genie,1760,Java,2013-06-20T20:35:56Z,"12 anos, 9 meses",2026-01-31T05:09:10Z,"2 meses, 9 dias",228035,222.7 MB,genie,N/A
ofdrw/ofdrw,https://github.com/ofdrw/ofdrw,1760,Java,2019-09-27T13:54:43Z,"6 anos, 6 meses",2026-03-25T02:13:42Z,16 dias,367832,359.2 MB,ofdrw,N/A
eschao/android-PageFlip,https://github.com/eschao/android-PageFlip,1758,Java,2016-09-11T13:02:12Z,"9 anos, 7 meses",2024-04-11T03:07:41Z,"1 anos, 12 meses",17096,16.7 MB,android-PageFlip,N/A
jline/jline3,https://github.com/jline/jline3,1756,Java,2016-05-31T18:00:01Z,"9 anos, 10 meses",2026-04-10T09:48:56Z,0 dias,12347,12.1 MB,jline3,N/A
ron190/jsql-injection,https://github.com/ron190/jsql-injection,1756,Java,2012-07-18T18:07:09Z,"13 anos, 8 meses",2026-03-27T03:04:25Z,14 dias,475117,464.0 MB,jsql-injection,N/A
codeestX/ENViews,https://github.com/codeestX/ENViews,1756,Java,2016-11-17T16:48:20Z,"9 anos, 4 meses",2017-04-01T15:31:10Z,"9 anos, 0 meses",1192,1.2 MB,ENViews,N/A
leochuan/ViewPagerLayoutManager,https://github.com/leochuan/ViewPagerLayoutManager,1753,Java,2016-08-08T14:34:56Z,"9 anos, 8 meses",2019-11-12T02:12:22Z,"6 anos, 5 meses",46640,45.5 MB,ViewPagerLayoutManager,N/A
facebook/screenshot-tests-for-android,https://github.com/facebook/screenshot-tests-for-android,1746,Java,2015-08-31T18:36:02Z,"10 anos, 7 meses",2026-01-07T18:30:21Z,"3 meses, 2 dias",2679,2.6 MB,screenshot-tests-for-android,N/A
uccmawei/FingerprintIdentify,https://github.com/uccmawei/FingerprintIdentify,1744,Java,2017-02-10T06:47:13Z,"9 anos, 2 meses",2021-05-17T02:19:22Z,"4 anos, 10 meses",7749,7.6 MB,FingerprintIdentify,N/A
datafaker-net/datafaker,https://github.com/datafaker-net/datafaker,1745,Java,2021-12-30T00:07:31Z,"4 anos, 3 meses",2026-04-09T21:18:47Z,0 dias,16631,16.2 MB,datafaker,N/A
ParkSangGwon/TedPermission,https://github.com/ParkSangGwon/TedPermission,1740,Java,2016-02-18T01:37:51Z,"10 anos, 1 meses",2024-08-14T02:40:19Z,"1 anos, 7 meses",683,683 KB,TedPermission,N/A
88250/solo,https://github.com/88250/solo,1741,Java,2019-12-01T10:29:18Z,"6 anos, 4 meses",2026-04-02T08:48:32Z,8 dias,158179,154.5 MB,solo,N/A
evollu/react-native-fcm,https://github.com/evollu/react-native-fcm,1733,Java,2016-05-29T03:53:22Z,"9 anos, 10 meses",2022-12-06T20:27:57Z,"3 anos, 4 meses",53799,52.5 MB,react-native-fcm,N/A
Qihoo360/hbox,https://github.com/Qihoo360/hbox,1731,Java,2017-12-01T17:53:38Z,"8 anos, 4 meses",2025-07-01T08:13:28Z,"9 meses, 13 dias",132607,129.5 MB,hbox,N/A
BakerJQ/Android-InfiniteCards,https://github.com/BakerJQ/Android-InfiniteCards,1729,Java,2017-03-17T08:24:05Z,"9 anos, 0 meses",2020-12-11T07:58:41Z,"5 anos, 4 meses",14074,13.7 MB,Android-InfiniteCards,N/A
liuguangqiang/SwipeBack,https://github.com/liuguangqiang/SwipeBack,1729,Java,2014-06-19T06:15:36Z,"11 anos, 9 meses",2022-05-16T09:33:00Z,"3 anos, 11 meses",7028,6.9 MB,SwipeBack,N/A
kiegroup/jbpm,https://github.com/kiegroup/jbpm,1726,Java,2010-09-22T13:19:52Z,"15 anos, 6 meses",2026-03-30T08:30:10Z,11 dias,336689,328.8 MB,jbpm,N/A
tangqi92/WaveLoadingView,https://github.com/tangqi92/WaveLoadingView,1726,Java,2015-12-15T07:58:57Z,"10 anos, 3 meses",2022-10-15T19:47:40Z,"3 anos, 5 meses",6309,6.2 MB,WaveLoadingView,N/A
ballcat-projects/ballcat,https://github.com/ballcat-projects/ballcat,1725,Java,2019-10-20T12:18:53Z,"6 anos, 5 meses",2026-03-03T05:50:40Z,"1 meses, 8 dias",13270,13.0 MB,ballcat,N/A
janheinrichmerker/material-intro,https://github.com/janheinrichmerker/material-intro,1722,Java,2016-02-18T21:20:47Z,"10 anos, 1 meses",2026-02-02T02:21:47Z,"2 meses, 7 dias",24496,23.9 MB,material-intro,N/A
sqlancer/sqlancer,https://github.com/sqlancer/sqlancer,1719,Java,2020-04-03T06:27:00Z,"6 anos, 0 meses",2026-04-10T15:39:38Z,0 dias,6305,6.2 MB,sqlancer,N/A
Cutta/GifView,https://github.com/Cutta/GifView,1714,Java,2015-12-26T21:44:51Z,"10 anos, 3 meses",2022-06-27T06:35:55Z,"3 anos, 9 meses",16772,16.4 MB,GifView,N/A
jphp-group/jphp,https://github.com/jphp-group/jphp,1712,Java,2013-10-18T14:52:53Z,"12 anos, 5 meses",2021-12-25T13:33:44Z,"4 anos, 3 meses",12170,11.9 MB,jphp,N/A
git-commit-id/git-commit-id-maven-plugin,https://github.com/git-commit-id/git-commit-id-maven-plugin,1710,Java,2011-02-13T13:55:14Z,"15 anos, 2 meses",2026-04-03T08:52:18Z,7 dias,3921,3.8 MB,git-commit-id-maven-plugin,N/A
akexorcist/BluetoothSPPLibrary,https://github.com/akexorcist/BluetoothSPPLibrary,1706,Java,2014-03-25T18:37:50Z,"12 anos, 0 meses",2021-01-27T11:35:54Z,"5 anos, 2 meses",4477,4.4 MB,BluetoothSPPLibrary,N/A
YeDaxia/JApiDocs,https://github.com/YeDaxia/JApiDocs,1706,Java,2017-01-15T13:30:17Z,"9 anos, 2 meses",2026-03-19T16:05:36Z,22 dias,8086,7.9 MB,JApiDocs,N/A
ImmortalZ/TransitionHelper,https://github.com/ImmortalZ/TransitionHelper,1703,Java,2016-10-30T14:53:50Z,"9 anos, 5 meses",2018-02-28T05:46:05Z,"8 anos, 1 meses",12136,11.9 MB,TransitionHelper,N/A
Sunzxyong/Recovery,https://github.com/Sunzxyong/Recovery,1702,Java,2016-09-04T08:13:19Z,"9 anos, 7 meses",2019-02-17T07:17:38Z,"7 anos, 1 meses",894,894 KB,Recovery,N/A
stagemonitor/stagemonitor,https://github.com/stagemonitor/stagemonitor,1700,Java,2013-08-02T15:09:16Z,"12 anos, 8 meses",2023-02-20T13:38:11Z,"3 anos, 1 meses",10322,10.1 MB,stagemonitor,N/A
pgjdbc/pgjdbc,https://github.com/pgjdbc/pgjdbc,1700,Java,2012-02-06T19:30:35Z,"14 anos, 2 meses",2026-03-25T13:21:47Z,16 dias,47148,46.0 MB,pgjdbc,N/A
AppliedEnergistics/Applied-Energistics-2,https://github.com/AppliedEnergistics/Applied-Energistics-2,1697,Java,2014-09-24T00:48:40Z,"11 anos, 6 meses",2026-04-07T02:09:46Z,3 dias,64761,63.2 MB,Applied-Energistics-2,N/A
datastax/jvector,https://github.com/datastax/jvector,1699,Java,2023-08-25T01:45:20Z,"2 anos, 7 meses",2026-04-09T19:15:42Z,0 dias,16496,16.1 MB,jvector,N/A
getActivity/EasyWindow,https://github.com/getActivity/EasyWindow,1697,Java,2019-01-21T07:03:33Z,"7 anos, 2 meses",2026-04-05T13:10:23Z,5 dias,64618,63.1 MB,EasyWindow,N/A
kymjs/TheMVP,https://github.com/kymjs/TheMVP,1693,Java,2015-10-25T13:50:57Z,"10 anos, 5 meses",2025-09-05T02:38:12Z,"7 meses, 7 dias",238,238 KB,TheMVP,N/A
opentracing/opentracing-java,https://github.com/opentracing/opentracing-java,1685,Java,2015-12-19T20:07:30Z,"10 anos, 3 meses",2021-10-11T22:23:48Z,"4 anos, 6 meses",905,905 KB,opentracing-java,N/A
SmartBear/soapui,https://github.com/SmartBear/soapui,1684,Java,2012-07-08T14:27:41Z,"13 anos, 9 meses",2026-03-04T06:16:10Z,"1 meses, 7 dias",99352,97.0 MB,soapui,N/A
luizgrp/SectionedRecyclerViewAdapter,https://github.com/luizgrp/SectionedRecyclerViewAdapter,1684,Java,2016-02-07T19:27:52Z,"10 anos, 2 meses",2022-02-27T11:51:14Z,"4 anos, 1 meses",1650,1.6 MB,SectionedRecyclerViewAdapter,N/A
tumblr/Backboard,https://github.com/tumblr/Backboard,1684,Java,2015-07-16T21:49:58Z,"10 anos, 9 meses",2023-12-05T08:16:43Z,"2 anos, 4 meses",814,814 KB,Backboard,N/A
Yalantis/ToDoList,https://github.com/Yalantis/ToDoList,1684,Java,2016-11-22T09:45:29Z,"9 anos, 4 meses",2022-10-27T07:29:27Z,"3 anos, 5 meses",3416,3.3 MB,ToDoList,N/A
SpongePowered/Mixin,https://github.com/SpongePowered/Mixin,1683,Java,2014-12-04T03:57:51Z,"11 anos, 4 meses",2024-08-05T04:16:27Z,"1 anos, 8 meses",7718,7.5 MB,Mixin,N/A
spring-projects/spring-data-mongodb,https://github.com/spring-projects/spring-data-mongodb,1677,Java,2011-10-13T01:06:55Z,"14 anos, 6 meses",2026-04-10T14:58:24Z,0 dias,40559,39.6 MB,spring-data-mongodb,N/A
soabase/exhibitor,https://github.com/soabase/exhibitor,1677,Java,2012-01-15T01:58:09Z,"14 anos, 2 meses",2019-09-12T14:05:48Z,"6 anos, 7 meses",2428,2.4 MB,exhibitor,N/A
Chainfire/libsuperuser,https://github.com/Chainfire/libsuperuser,1675,Java,2012-10-29T18:01:25Z,"13 anos, 5 meses",2024-06-03T15:25:22Z,"1 anos, 10 meses",551,551 KB,libsuperuser,N/A
misakuo/3dTagCloudAndroid,https://github.com/misakuo/3dTagCloudAndroid,1672,Java,2016-01-20T01:49:18Z,"10 anos, 2 meses",2020-12-08T07:45:11Z,"5 anos, 4 meses",4652,4.5 MB,3dTagCloudAndroid,N/A
Trinea/android-auto-scroll-view-pager,https://github.com/Trinea/android-auto-scroll-view-pager,1669,Java,2014-02-23T16:06:56Z,"12 anos, 1 meses",2020-02-16T14:09:13Z,"6 anos, 1 meses",446,446 KB,android-auto-scroll-view-pager,N/A
datageartech/datagear,https://github.com/datageartech/datagear,1668,Java,2020-02-22T04:06:51Z,"6 anos, 1 meses",2026-04-09T14:05:48Z,1 dias,91983,89.8 MB,datagear,N/A
PAGalaxyLab/YAHFA,https://github.com/PAGalaxyLab/YAHFA,1666,Java,2017-03-30T06:45:05Z,"9 anos, 0 meses",2024-07-22T23:50:28Z,"1 anos, 8 meses",365,365 KB,YAHFA,N/A
murraco/spring-boot-jwt,https://github.com/murraco/spring-boot-jwt,1664,Java,2017-10-12T02:28:48Z,"8 anos, 6 meses",2026-04-05T16:41:46Z,5 dias,75,75 KB,spring-boot-jwt,N/A
donkingliang/GroupedRecyclerViewAdapter,https://github.com/donkingliang/GroupedRecyclerViewAdapter,1660,Java,2017-03-22T12:55:01Z,"9 anos, 0 meses",2022-08-13T02:01:28Z,"3 anos, 8 meses",2904,2.8 MB,GroupedRecyclerViewAdapter,N/A
spring-projects/spring-statemachine,https://github.com/spring-projects/spring-statemachine,1660,Java,2015-02-04T17:15:36Z,"11 anos, 2 meses",2025-08-28T20:35:21Z,"7 meses, 14 dias",18720,18.3 MB,spring-statemachine,N/A
fushengqian/fuint,https://github.com/fushengqian/fuint,1656,Java,2020-06-30T08:03:10Z,"5 anos, 9 meses",2026-04-10T03:00:00Z,0 dias,85427,83.4 MB,fuint,N/A
cjbi/admin3,https://github.com/cjbi/admin3,1650,Java,2017-10-30T05:25:50Z,"8 anos, 5 meses",2025-09-27T02:03:59Z,"6 meses, 15 dias",126864,123.9 MB,admin3,N/A
spotify/apollo,https://github.com/spotify/apollo,1648,Java,2015-11-05T22:40:39Z,"10 anos, 5 meses",2021-09-28T09:11:26Z,"4 anos, 6 meses",2867,2.8 MB,apollo,N/A
whwlsfb/JDumpSpider,https://github.com/whwlsfb/JDumpSpider,1647,Java,2022-01-05T07:30:39Z,"4 anos, 3 meses",2025-12-15T09:23:37Z,"3 meses, 26 dias",647,647 KB,JDumpSpider,N/A
FlowCI/flow-core-x,https://github.com/FlowCI/flow-core-x,1645,Java,2017-05-03T07:03:17Z,"8 anos, 11 meses",2025-04-06T18:53:48Z,"1 anos, 0 meses",8553,8.4 MB,flow-core-x,N/A
babyfish-ct/jimmer,https://github.com/babyfish-ct/jimmer,1645,Java,2022-05-03T09:52:05Z,"3 anos, 11 meses",2026-03-09T02:53:49Z,"1 meses, 2 dias",35204,34.4 MB,jimmer,N/A
java-json-tools/json-schema-validator,https://github.com/java-json-tools/json-schema-validator,1643,Java,2011-06-27T22:45:08Z,"14 anos, 9 meses",2024-07-17T13:20:56Z,"1 anos, 8 meses",19572,19.1 MB,json-schema-validator,N/A
apache/guacamole-client,https://github.com/apache/guacamole-client,1642,Java,2016-03-22T07:00:06Z,"10 anos, 0 meses",2026-04-10T11:50:14Z,0 dias,25283,24.7 MB,guacamole-client,N/A
Smith-Cruise/Spring-Boot-Shiro,https://github.com/Smith-Cruise/Spring-Boot-Shiro,1640,Java,2017-10-23T13:03:15Z,"8 anos, 5 meses",2026-02-11T19:50:30Z,"1 meses, 27 dias",47,47 KB,Spring-Boot-Shiro,N/A
Tibolte/ElasticDownload,https://github.com/Tibolte/ElasticDownload,1640,Java,2015-02-15T20:30:24Z,"11 anos, 1 meses",2018-05-10T00:17:05Z,"7 anos, 11 meses",310,310 KB,ElasticDownload,N/A
adrielcafe/AndroidAudioRecorder,https://github.com/adrielcafe/AndroidAudioRecorder,1636,Java,2016-08-05T17:56:15Z,"9 anos, 8 meses",2021-09-10T03:05:46Z,"4 anos, 7 meses",445,445 KB,AndroidAudioRecorder,N/A
sofastack/sofa-ark,https://github.com/sofastack/sofa-ark,1634,Java,2018-03-12T09:07:08Z,"8 anos, 1 meses",2026-03-27T22:30:10Z,13 dias,63122,61.6 MB,sofa-ark,N/A
TimefoldAI/timefold-solver,https://github.com/TimefoldAI/timefold-solver,1631,Java,2023-03-28T14:33:35Z,"3 anos, 0 meses",2026-04-06T01:15:45Z,4 dias,271849,265.5 MB,timefold-solver,N/A
traex/ExpandableLayout,https://github.com/traex/ExpandableLayout,1630,Java,2014-09-15T19:59:54Z,"11 anos, 6 meses",2022-07-20T17:08:04Z,"3 anos, 8 meses",723,723 KB,ExpandableLayout,N/A
500px/greedo-layout-for-android,https://github.com/500px/greedo-layout-for-android,1623,Java,2016-02-05T20:57:07Z,"10 anos, 2 meses",2022-06-21T21:20:31Z,"3 anos, 9 meses",1771,1.7 MB,greedo-layout-for-android,N/A
spring-projects/spring-integration,https://github.com/spring-projects/spring-integration,1623,Java,2011-07-22T21:47:27Z,"14 anos, 8 meses",2026-04-10T17:12:08Z,0 dias,80156,78.3 MB,spring-integration,N/A
devnied/EMV-NFC-Paycard-Enrollment,https://github.com/devnied/EMV-NFC-Paycard-Enrollment,1622,Java,2014-04-05T13:47:56Z,"12 anos, 0 meses",2026-02-12T21:07:00Z,"1 meses, 26 dias",4265,4.2 MB,EMV-NFC-Paycard-Enrollment,N/A
functionaljava/functionaljava,https://github.com/functionaljava/functionaljava,1619,Java,2010-10-29T00:19:26Z,"15 anos, 5 meses",2023-04-25T16:17:13Z,"2 anos, 11 meses",3743,3.7 MB,functionaljava,N/A
junit-team/junit-examples,https://github.com/junit-team/junit-examples,1618,Java,2015-11-13T21:28:16Z,"10 anos, 5 meses",2026-04-10T07:12:27Z,0 dias,2989,2.9 MB,junit-examples,N/A
mancj/SlideUp-Android,https://github.com/mancj/SlideUp-Android,1617,Java,2016-12-21T17:58:39Z,"9 anos, 3 meses",2019-10-02T09:16:45Z,"6 anos, 6 meses",50435,49.3 MB,SlideUp-Android,N/A
gwtproject/gwt,https://github.com/gwtproject/gwt,1617,Java,2013-04-18T03:12:03Z,"12 anos, 12 meses",2026-03-30T19:35:47Z,10 dias,325262,317.6 MB,gwt,N/A
happyfish100/fastdfs-client-java,https://github.com/happyfish100/fastdfs-client-java,1616,Java,2014-12-07T03:19:50Z,"11 anos, 4 meses",2025-12-19T03:23:06Z,"3 meses, 22 dias",290,290 KB,fastdfs-client-java,N/A
Xiaofei-it/HermesEventBus,https://github.com/Xiaofei-it/HermesEventBus,1616,Java,2016-07-11T13:52:10Z,"9 anos, 9 meses",2017-05-18T16:57:35Z,"8 anos, 10 meses",304,304 KB,HermesEventBus,N/A
mayubao/Android-Pay,https://github.com/mayubao/Android-Pay,1615,Java,2017-03-01T07:08:19Z,"9 anos, 1 meses",2017-07-08T02:18:00Z,"8 anos, 9 meses",547,547 KB,Android-Pay,N/A
aimacode/aima-java,https://github.com/aimacode/aima-java,1614,Java,2015-03-12T21:25:57Z,"11 anos, 1 meses",2023-12-20T15:19:37Z,"2 anos, 3 meses",702009,685.6 MB,aima-java,N/A
jokermonn/permissions4m,https://github.com/jokermonn/permissions4m,1610,Java,2017-07-26T09:21:06Z,"8 anos, 8 meses",2019-05-07T13:35:39Z,"6 anos, 11 meses",17522,17.1 MB,permissions4m,N/A
pagehelper-org/pagehelper-spring-boot,https://github.com/pagehelper-org/pagehelper-spring-boot,1608,Java,2017-01-01T15:04:19Z,"9 anos, 3 meses",2026-03-28T11:53:20Z,13 dias,125,125 KB,pagehelper-spring-boot,N/A
JonathanLink/PDFLayoutTextStripper,https://github.com/JonathanLink/PDFLayoutTextStripper,1606,Java,2015-10-11T22:49:10Z,"10 anos, 6 meses",2023-12-17T17:19:17Z,"2 anos, 3 meses",22135,21.6 MB,PDFLayoutTextStripper,N/A
kanytu/android-parallax-recyclerview,https://github.com/kanytu/android-parallax-recyclerview,1606,Java,2014-10-27T18:31:43Z,"11 anos, 5 meses",2022-06-05T10:15:14Z,"3 anos, 10 meses",7332,7.2 MB,android-parallax-recyclerview,N/A
smuyyh/ImageSelector,https://github.com/smuyyh/ImageSelector,1604,Java,2016-08-05T07:54:00Z,"9 anos, 8 meses",2022-10-09T04:21:51Z,"3 anos, 6 meses",1958,1.9 MB,ImageSelector,N/A
Jungerr/GridPasswordView,https://github.com/Jungerr/GridPasswordView,1603,Java,2015-03-14T02:33:14Z,"11 anos, 1 meses",2021-04-15T10:38:21Z,"4 anos, 12 meses",2555,2.5 MB,GridPasswordView,N/A
githubwing/DragPhotoView,https://github.com/githubwing/DragPhotoView,1599,Java,2016-12-22T15:58:55Z,"9 anos, 3 meses",2017-05-12T10:22:24Z,"8 anos, 11 meses",4433,4.3 MB,DragPhotoView,N/A
aNNiMON/Lightweight-Stream-API,https://github.com/aNNiMON/Lightweight-Stream-API,1597,Java,2015-01-01T17:43:41Z,"11 anos, 3 meses",2024-02-20T21:19:26Z,"2 anos, 1 meses",1863,1.8 MB,Lightweight-Stream-API,N/A
ClickHouse/clickhouse-java,https://github.com/ClickHouse/clickhouse-java,1596,Java,2016-07-15T12:48:27Z,"9 anos, 9 meses",2026-04-09T19:15:46Z,0 dias,13260,12.9 MB,clickhouse-java,N/A
aiceking/AppStartFaster,https://github.com/aiceking/AppStartFaster,1594,Java,2019-12-12T14:07:47Z,"6 anos, 4 meses",2026-03-10T10:33:53Z,"1 meses, 1 dias",580,580 KB,AppStartFaster,N/A
RuedigerMoeller/fast-serialization,https://github.com/RuedigerMoeller/fast-serialization,1595,Java,2013-12-05T20:36:00Z,"12 anos, 4 meses",2023-06-30T08:15:18Z,"2 anos, 9 meses",5364,5.2 MB,fast-serialization,N/A
omadahealth/LolliPin,https://github.com/omadahealth/LolliPin,1594,Java,2015-01-12T22:58:28Z,"11 anos, 3 meses",2022-04-04T19:24:45Z,"4 anos, 0 meses",1446,1.4 MB,LolliPin,N/A
apache/opennlp,https://github.com/apache/opennlp,1592,Java,2011-11-09T08:00:09Z,"14 anos, 5 meses",2026-04-07T08:37:33Z,3 dias,18260,17.8 MB,opennlp,N/A
mongodb/mongo-hadoop,https://github.com/mongodb/mongo-hadoop,1590,Java,2010-08-23T14:05:51Z,"15 anos, 7 meses",2022-01-28T19:28:04Z,"4 anos, 2 meses",87090,85.0 MB,mongo-hadoop,N/A
j256/ormlite-android,https://github.com/j256/ormlite-android,1589,Java,2013-03-08T16:37:44Z,"13 anos, 1 meses",2024-08-14T17:21:41Z,"1 anos, 7 meses",500,500 KB,ormlite-android,N/A
mxdldev/spring-cloud-flycloud,https://github.com/mxdldev/spring-cloud-flycloud,1589,Java,2019-02-14T01:00:00Z,"7 anos, 1 meses",2020-06-29T01:21:06Z,"5 anos, 9 meses",1419,1.4 MB,spring-cloud-flycloud,N/A
WuKongOpenSource/Wukong_HRM,https://github.com/WuKongOpenSource/Wukong_HRM,1584,Java,2023-10-17T05:49:52Z,"2 anos, 5 meses",2023-11-06T02:06:55Z,"2 anos, 5 meses",12202,11.9 MB,Wukong_HRM,N/A
dromara/easy-es,https://github.com/dromara/easy-es,1582,Java,2021-12-01T09:05:38Z,"4 anos, 4 meses",2026-03-27T09:24:13Z,14 dias,4829,4.7 MB,easy-es,N/A
knowm/XChart,https://github.com/knowm/XChart,1583,Java,2011-07-20T15:56:44Z,"14 anos, 8 meses",2025-10-27T13:44:56Z,"5 meses, 15 dias",14873,14.5 MB,XChart,N/A
ZainZhao/HIS,https://github.com/ZainZhao/HIS,1578,Java,2019-07-11T15:28:30Z,"6 anos, 9 meses",2025-02-24T08:33:29Z,"1 anos, 1 meses",9344,9.1 MB,HIS,N/A
shibing624/similarity,https://github.com/shibing624/similarity,1575,Java,2016-11-09T02:02:01Z,"9 anos, 5 meses",2026-01-23T06:39:26Z,"2 meses, 17 dias",79834,78.0 MB,similarity,N/A
javiersantos/PiracyChecker,https://github.com/javiersantos/PiracyChecker,1574,Java,2016-05-26T16:39:21Z,"9 anos, 10 meses",2021-07-19T15:48:59Z,"4 anos, 8 meses",9277,9.1 MB,PiracyChecker,N/A
youlookwhat/ByWebView,https://github.com/youlookwhat/ByWebView,1574,Java,2016-11-15T15:34:54Z,"9 anos, 4 meses",2024-03-15T10:18:29Z,"2 anos, 0 meses",11726,11.5 MB,ByWebView,N/A
mekanism/Mekanism,https://github.com/mekanism/Mekanism,1573,Java,2012-08-15T20:41:13Z,"13 anos, 8 meses",2026-04-10T16:17:17Z,0 dias,145999,142.6 MB,Mekanism,N/A
19MisterX98/SeedcrackerX,https://github.com/19MisterX98/SeedcrackerX,1569,Java,2020-09-07T12:39:51Z,"5 anos, 7 meses",2026-03-26T20:03:19Z,14 dias,839,839 KB,SeedcrackerX,N/A
woxingxiao/SlidingUpPanelLayout,https://github.com/woxingxiao/SlidingUpPanelLayout,1558,Java,2017-07-10T12:56:10Z,"8 anos, 9 meses",2018-09-25T08:19:25Z,"7 anos, 6 meses",7473,7.3 MB,SlidingUpPanelLayout,N/A
aws/serverless-java-container,https://github.com/aws/serverless-java-container,1555,Java,2016-12-05T20:04:57Z,"9 anos, 4 meses",2026-03-20T21:26:14Z,20 dias,3846,3.8 MB,serverless-java-container,N/A
apache/plc4x,https://github.com/apache/plc4x,1553,Java,2017-12-20T08:00:09Z,"8 anos, 3 meses",2026-04-10T07:35:04Z,0 dias,182707,178.4 MB,plc4x,N/A
jknack/handlebars.java,https://github.com/jknack/handlebars.java,1546,Java,2012-05-27T03:22:22Z,"13 anos, 10 meses",2025-08-07T21:09:36Z,"8 meses, 5 dias",4345,4.2 MB,handlebars.java,N/A
EsotericSoftware/reflectasm,https://github.com/EsotericSoftware/reflectasm,1545,Java,2013-11-06T13:22:17Z,"12 anos, 5 meses",2025-06-05T00:35:07Z,"10 meses, 9 dias",897,897 KB,reflectasm,N/A
ViaVersion/ViaVersion,https://github.com/ViaVersion/ViaVersion,1540,Java,2016-02-28T22:39:27Z,"10 anos, 1 meses",2026-04-10T12:57:52Z,0 dias,27064,26.4 MB,ViaVersion,N/A
badoo/android-weak-handler,https://github.com/badoo/android-weak-handler,1540,Java,2014-08-27T13:43:45Z,"11 anos, 7 meses",2022-02-24T20:00:40Z,"4 anos, 1 meses",153,153 KB,android-weak-handler,N/A
zyyoona7/EasyPopup,https://github.com/zyyoona7/EasyPopup,1540,Java,2015-10-28T02:29:38Z,"10 anos, 5 meses",2019-04-04T02:01:20Z,"7 anos, 0 meses",1372,1.3 MB,EasyPopup,N/A
kagkarlsson/db-scheduler,https://github.com/kagkarlsson/db-scheduler,1539,Java,2015-08-12T18:01:34Z,"10 anos, 8 meses",2026-03-26T06:27:41Z,15 dias,3242,3.2 MB,db-scheduler,N/A
a2888409/face2face,https://github.com/a2888409/face2face,1538,Java,2016-01-25T02:27:50Z,"10 anos, 2 meses",2019-04-10T08:20:49Z,"7 anos, 0 meses",3287,3.2 MB,face2face,N/A
frogermcs/AndroidDevMetrics,https://github.com/frogermcs/AndroidDevMetrics,1535,Java,2016-01-27T06:57:26Z,"10 anos, 2 meses",2019-04-26T09:57:34Z,"6 anos, 11 meses",1547,1.5 MB,AndroidDevMetrics,N/A
langgraph4j/langgraph4j,https://github.com/langgraph4j/langgraph4j,1535,Java,2024-03-18T19:38:47Z,"2 anos, 0 meses",2026-04-10T15:53:53Z,0 dias,36050,35.2 MB,langgraph4j,N/A
yuweiguocn/GreenDaoUpgradeHelper,https://github.com/yuweiguocn/GreenDaoUpgradeHelper,1533,Java,2016-01-04T07:18:02Z,"10 anos, 3 meses",2019-05-25T07:19:23Z,"6 anos, 10 meses",173,173 KB,GreenDaoUpgradeHelper,N/A
crossbario/autobahn-java,https://github.com/crossbario/autobahn-java,1533,Java,2011-09-21T15:15:24Z,"14 anos, 6 meses",2024-11-28T05:15:51Z,"1 anos, 4 meses",5351,5.2 MB,autobahn-java,N/A
dongjunkun/CouponView,https://github.com/dongjunkun/CouponView,1530,Java,2016-09-18T09:21:52Z,"9 anos, 6 meses",2017-07-17T06:52:21Z,"8 anos, 8 meses",1966,1.9 MB,CouponView,N/A
limedroid/XDroidMvp,https://github.com/limedroid/XDroidMvp,1526,Java,2016-12-23T03:55:39Z,"9 anos, 3 meses",2023-05-29T07:51:45Z,"2 anos, 10 meses",1676,1.6 MB,XDroidMvp,N/A
TonicArtos/StickyGridHeaders,https://github.com/TonicArtos/StickyGridHeaders,1525,Java,2013-01-03T23:59:32Z,"13 anos, 3 meses",2015-02-12T23:57:06Z,"11 anos, 1 meses",2298,2.2 MB,StickyGridHeaders,N/A
ebean-orm/ebean,https://github.com/ebean-orm/ebean,1521,Java,2012-09-13T11:49:56Z,"13 anos, 7 meses",2026-04-10T13:25:34Z,0 dias,34818,34.0 MB,ebean,N/A
scottyab/secure-preferences,https://github.com/scottyab/secure-preferences,1520,Java,2013-07-04T09:51:54Z,"12 anos, 9 meses",2020-06-22T13:31:28Z,"5 anos, 9 meses",3881,3.8 MB,secure-preferences,N/A
xmolecules/jmolecules,https://github.com/xmolecules/jmolecules,1522,Java,2020-02-03T13:08:24Z,"6 anos, 2 meses",2026-02-03T13:05:16Z,"2 meses, 6 dias",456,456 KB,jmolecules,N/A
java-diff-utils/java-diff-utils,https://github.com/java-diff-utils/java-diff-utils,1520,Java,2017-03-30T05:47:23Z,"9 anos, 0 meses",2026-03-31T06:08:20Z,10 dias,3107,3.0 MB,java-diff-utils,N/A
weidongjian/androidWheelView,https://github.com/weidongjian/androidWheelView,1519,Java,2015-09-03T01:17:34Z,"10 anos, 7 meses",2023-06-29T02:02:36Z,"2 anos, 9 meses",4352,4.2 MB,androidWheelView,N/A
getActivity/EasyHttp,https://github.com/getActivity/EasyHttp,1517,Java,2019-11-24T15:30:56Z,"6 anos, 4 meses",2025-12-14T08:43:50Z,"3 meses, 27 dias",46952,45.9 MB,EasyHttp,N/A
jrvansuita/MaterialAbout,https://github.com/jrvansuita/MaterialAbout,1515,Java,2017-02-12T16:41:05Z,"9 anos, 1 meses",2026-03-03T16:28:20Z,"1 meses, 8 dias",5231,5.1 MB,MaterialAbout,N/A
sqmax/springboot-project,https://github.com/sqmax/springboot-project,1513,Java,2018-04-07T15:09:05Z,"8 anos, 0 meses",2019-05-21T08:01:31Z,"6 anos, 10 meses",1406,1.4 MB,springboot-project,N/A
NLPchina/nlp-lang,https://github.com/NLPchina/nlp-lang,1512,Java,2014-03-30T13:38:45Z,"12 anos, 0 meses",2024-04-18T02:16:29Z,"1 anos, 11 meses",27721,27.1 MB,nlp-lang,N/A
gradle/gradle-profiler,https://github.com/gradle/gradle-profiler,1511,Java,2016-08-08T05:32:30Z,"9 anos, 8 meses",2026-04-09T20:01:07Z,0 dias,5674,5.5 MB,gradle-profiler,N/A
mikaelzero/mojito,https://github.com/mikaelzero/mojito,1511,Java,2018-11-06T08:17:47Z,"7 anos, 5 meses",2022-12-10T12:15:56Z,"3 anos, 4 meses",7404,7.2 MB,mojito,N/A
sjwall/MaterialTapTargetPrompt,https://github.com/sjwall/MaterialTapTargetPrompt,1510,Java,2016-06-05T16:24:53Z,"9 anos, 10 meses",2023-04-12T06:06:58Z,"2 anos, 12 meses",3382,3.3 MB,MaterialTapTargetPrompt,N/A
fengjiachun/Jupiter,https://github.com/fengjiachun/Jupiter,1508,Java,2015-10-23T15:04:14Z,"10 anos, 5 meses",2023-06-20T16:35:47Z,"2 anos, 9 meses",9839,9.6 MB,Jupiter,N/A
kenglxn/QRGen,https://github.com/kenglxn/QRGen,1506,Java,2012-01-13T06:58:29Z,"14 anos, 3 meses",2026-01-26T21:34:15Z,"2 meses, 13 dias",691,691 KB,QRGen,N/A
mitreid-connect/OpenID-Connect-Java-Spring-Server,https://github.com/mitreid-connect/OpenID-Connect-Java-Spring-Server,1504,Java,2011-10-31T16:39:24Z,"14 anos, 5 meses",2024-06-05T02:47:31Z,"1 anos, 10 meses",15301,14.9 MB,OpenID-Connect-Java-Spring-Server,N/A
jdeferred/jdeferred,https://github.com/jdeferred/jdeferred,1500,Java,2013-03-05T02:43:57Z,"13 anos, 1 meses",2021-01-18T14:17:36Z,"5 anos, 2 meses",804,804 KB,jdeferred,N/A
yulichang/mybatis-plus-join,https://github.com/yulichang/mybatis-plus-join,1496,Java,2021-01-27T07:36:31Z,"5 anos, 2 meses",2026-04-08T23:56:39Z,1 dias,2190,2.1 MB,mybatis-plus-join,N/A
AutohomeCorp/frostmourne,https://github.com/AutohomeCorp/frostmourne,1493,Java,2019-12-16T03:22:03Z,"6 anos, 3 meses",2024-10-22T08:59:01Z,"1 anos, 5 meses",65623,64.1 MB,frostmourne,N/A
DantSu/ESCPOS-ThermalPrinter-Android,https://github.com/DantSu/ESCPOS-ThermalPrinter-Android,1493,Java,2020-04-07T06:42:00Z,"6 anos, 0 meses",2024-05-14T13:06:50Z,"1 anos, 11 meses",340,340 KB,ESCPOS-ThermalPrinter-Android,N/A
mitre/HTTP-Proxy-Servlet,https://github.com/mitre/HTTP-Proxy-Servlet,1489,Java,2012-04-27T17:43:25Z,"13 anos, 11 meses",2025-12-22T13:04:41Z,"3 meses, 19 dias",410,410 KB,HTTP-Proxy-Servlet,N/A
cincheo/jsweet,https://github.com/cincheo/jsweet,1489,Java,2015-04-12T03:14:30Z,"11 anos, 0 meses",2023-12-16T06:27:18Z,"2 anos, 3 meses",11022,10.8 MB,jsweet,N/A
wechatpay-apiv3/wechatpay-java,https://github.com/wechatpay-apiv3/wechatpay-java,1490,Java,2022-05-30T07:51:32Z,"3 anos, 10 meses",2025-04-11T13:38:28Z,"12 meses, 4 dias",1025,1.0 MB,wechatpay-java,N/A
apache/inlong,https://github.com/apache/inlong,1488,Java,2020-01-03T07:13:14Z,"6 anos, 3 meses",2026-04-03T09:16:58Z,7 dias,61150,59.7 MB,inlong,N/A
JeasonWong/Particle,https://github.com/JeasonWong/Particle,1485,Java,2016-08-29T09:21:15Z,"9 anos, 7 meses",2016-09-19T01:36:27Z,"9 anos, 6 meses",1722,1.7 MB,Particle,N/A
reactor/BlockHound,https://github.com/reactor/BlockHound,1484,Java,2018-12-04T20:00:53Z,"7 anos, 4 meses",2026-04-10T08:30:58Z,0 dias,690,690 KB,BlockHound,N/A
tobato/FastDFS_Client,https://github.com/tobato/FastDFS_Client,1484,Java,2015-12-29T15:29:07Z,"10 anos, 3 meses",2024-05-17T08:50:40Z,"1 anos, 10 meses",1077,1.1 MB,FastDFS_Client,N/A
dremio/dremio-oss,https://github.com/dremio/dremio-oss,1481,Java,2017-07-17T20:17:04Z,"8 anos, 8 meses",2025-09-26T06:36:39Z,"6 meses, 16 dias",144771,141.4 MB,dremio-oss,N/A
badoualy/stepper-indicator,https://github.com/badoualy/stepper-indicator,1479,Java,2016-06-13T05:39:50Z,"9 anos, 10 meses",2020-10-19T18:40:46Z,"5 anos, 5 meses",1866,1.8 MB,stepper-indicator,N/A
bwssytems/ha-bridge,https://github.com/bwssytems/ha-bridge,1476,Java,2015-07-28T17:27:11Z,"10 anos, 8 meses",2025-09-07T13:52:45Z,"7 meses, 5 dias",3292,3.2 MB,ha-bridge,N/A
leinardi/FloatingActionButtonSpeedDial,https://github.com/leinardi/FloatingActionButtonSpeedDial,1475,Java,2018-03-25T16:01:47Z,"8 anos, 0 meses",2024-04-04T07:35:37Z,"2 anos, 0 meses",2395,2.3 MB,FloatingActionButtonSpeedDial,N/A
stealthcopter/AndroidNetworkTools,https://github.com/stealthcopter/AndroidNetworkTools,1475,Java,2015-12-09T20:56:08Z,"10 anos, 4 meses",2024-06-13T12:00:17Z,"1 anos, 10 meses",502,502 KB,AndroidNetworkTools,N/A
traex/CalendarListview,https://github.com/traex/CalendarListview,1474,Java,2014-09-10T15:11:59Z,"11 anos, 7 meses",2018-08-06T09:45:29Z,"7 anos, 8 meses",1122,1.1 MB,CalendarListview,N/A
mircokroon/minecraft-world-downloader,https://github.com/mircokroon/minecraft-world-downloader,1471,Java,2019-05-09T06:23:41Z,"6 anos, 11 meses",2026-01-26T21:42:51Z,"2 meses, 13 dias",1646,1.6 MB,minecraft-world-downloader,N/A
rholder/guava-retrying,https://github.com/rholder/guava-retrying,1467,Java,2012-08-27T00:12:18Z,"13 anos, 7 meses",2023-03-28T11:48:46Z,"3 anos, 0 meses",612,612 KB,guava-retrying,N/A
msgpack/msgpack-java,https://github.com/msgpack/msgpack-java,1465,Java,2011-06-29T08:45:39Z,"14 anos, 9 meses",2026-03-16T23:43:12Z,24 dias,3683,3.6 MB,msgpack-java,N/A
JaceyRx/Examination_System,https://github.com/JaceyRx/Examination_System,1460,Java,2017-07-07T12:17:50Z,"8 anos, 9 meses",2023-11-08T10:00:46Z,"2 anos, 5 meses",884,884 KB,Examination_System,N/A
vladmihalcea/high-performance-java-persistence,https://github.com/vladmihalcea/high-performance-java-persistence,1460,Java,2015-10-15T04:57:57Z,"10 anos, 6 meses",2026-03-22T16:30:06Z,19 dias,5370,5.2 MB,high-performance-java-persistence,N/A
Netflix/mantis,https://github.com/Netflix/mantis,1460,Java,2019-06-06T23:44:48Z,"6 anos, 10 meses",2026-04-10T17:18:41Z,0 dias,29204,28.5 MB,mantis,N/A
akto-api-security/akto,https://github.com/akto-api-security/akto,1460,Java,2023-01-31T09:07:07Z,"3 anos, 2 meses",2026-04-10T17:19:07Z,0 dias,353383,345.1 MB,akto,N/A
google/adk-java,https://github.com/google/adk-java,1460,Java,2025-05-05T17:16:25Z,"11 meses, 10 dias",2026-04-10T16:56:35Z,0 dias,15108,14.8 MB,adk-java,N/A
spring-guides/gs-rest-service,https://github.com/spring-guides/gs-rest-service,1460,Java,2013-04-12T14:54:36Z,"13 anos, 0 meses",2026-04-01T12:32:22Z,9 dias,1686,1.6 MB,gs-rest-service,N/A
Hello-hao/Tbed,https://github.com/Hello-hao/Tbed,1458,Java,2019-01-30T06:36:11Z,"7 anos, 2 meses",2026-02-11T20:06:04Z,"1 meses, 27 dias",19918,19.5 MB,Tbed,N/A
alibaba/Virtualview-Android,https://github.com/alibaba/Virtualview-Android,1455,Java,2017-12-05T03:25:05Z,"8 anos, 4 meses",2021-07-14T04:45:23Z,"4 anos, 9 meses",866,866 KB,Virtualview-Android,N/A
googleapis/google-api-java-client,https://github.com/googleapis/google-api-java-client,1451,Java,2014-10-28T17:31:34Z,"11 anos, 5 meses",2026-03-13T16:58:56Z,28 dias,14926,14.6 MB,google-api-java-client,N/A
projectnessie/nessie,https://github.com/projectnessie/nessie,1449,Java,2020-04-09T18:39:03Z,"6 anos, 0 meses",2026-04-10T16:29:37Z,0 dias,197994,193.4 MB,nessie,N/A
MultiPaper/MultiPaper,https://github.com/MultiPaper/MultiPaper,1448,Java,2021-01-17T04:36:02Z,"5 anos, 2 meses",2025-05-21T18:19:57Z,"10 meses, 23 dias",3828,3.7 MB,MultiPaper,N/A
vekexasia/android-edittext-validator,https://github.com/vekexasia/android-edittext-validator,1445,Java,2012-05-24T19:02:41Z,"13 anos, 10 meses",2021-09-09T14:22:18Z,"4 anos, 7 meses",237,237 KB,android-edittext-validator,N/A
chengdazhi/StyleImageView,https://github.com/chengdazhi/StyleImageView,1444,Java,2016-08-17T10:49:18Z,"9 anos, 7 meses",2017-01-17T04:48:26Z,"9 anos, 2 meses",8917,8.7 MB,StyleImageView,N/A
beehive-lab/TornadoVM,https://github.com/beehive-lab/TornadoVM,1445,Java,2018-09-07T09:37:44Z,"7 anos, 7 meses",2026-04-07T08:08:22Z,3 dias,166965,163.1 MB,TornadoVM,N/A
square/haha,https://github.com/square/haha,1443,Java,2015-04-22T14:29:19Z,"10 anos, 11 meses",2019-04-25T08:21:03Z,"6 anos, 11 meses",14318,14.0 MB,haha,N/A
lawloretienne/QuickReturn,https://github.com/lawloretienne/QuickReturn,1442,Java,2014-06-24T07:37:51Z,"11 anos, 9 meses",2020-09-02T05:31:25Z,"5 anos, 7 meses",151412,147.9 MB,QuickReturn,N/A
SpinyTech/ModularizationArchitecture,https://github.com/SpinyTech/ModularizationArchitecture,1440,Java,2016-11-25T03:29:54Z,"9 anos, 4 meses",2020-12-14T10:02:21Z,"5 anos, 3 meses",6319,6.2 MB,ModularizationArchitecture,N/A
OWASP/SecurityShepherd,https://github.com/OWASP/SecurityShepherd,1440,Java,2013-11-09T15:57:16Z,"12 anos, 5 meses",2026-03-31T22:48:11Z,9 dias,191091,186.6 MB,SecurityShepherd,N/A
Snailclimb/spring-security-jwt-guide,https://github.com/Snailclimb/spring-security-jwt-guide,1440,Java,2019-09-24T10:06:25Z,"6 anos, 6 meses",2025-05-26T13:54:25Z,"10 meses, 19 dias",2264,2.2 MB,spring-security-jwt-guide,N/A
MZCretin/ExpandableTextView,https://github.com/MZCretin/ExpandableTextView,1438,Java,2018-08-17T13:34:46Z,"7 anos, 7 meses",2025-10-10T07:30:24Z,"6 meses, 2 dias",38098,37.2 MB,ExpandableTextView,N/A
